sector,county,staff,uses_ai,monthly_spend,round
Property,Mayo,47,no,62,H2 2025
Public sector,Limerick,33,no,122,H2 2025
Professional services,Louth,48,no,160,H2 2025
Retail and ecommerce,Kildare,22,yes,153,H1 2026
Professional services,Louth,46,yes,226,H1 2026
Tourism and hospitality,Cork,18,yes,248,H2 2025
Health,Galway,44,no,38,H1 2026
Financial services,Meath,2,no,368,H1 2026
Professional services,Meath,59,no,35,H1 2026
Professional services,Louth,22,yes,44,H1 2026
Health,Kildare,38,no,188,H2 2025
Retail and ecommerce,Mayo,9,no,99,H2 2025
Professional services,Meath,40,no,317,H2 2025
Health,Louth,13,no,272,H1 2026
Property,Galway,37,no,93,H2 2025
Tourism and hospitality,Kildare,4,no,364,H2 2025
Public sector,Meath,38,no,75,H2 2025
Financial services,Louth,35,no,112,H2 2025
Tourism and hospitality,Cork,38,yes,189,H1 2026
Tourism and hospitality,Mayo,29,no,232,H1 2026
Financial services,Galway,56,yes,300,H1 2026
Retail and ecommerce,Mayo,12,yes,207,H1 2026
Property,Meath,44,yes,84,H1 2026
Health,Louth,7,yes,312,H2 2025
Financial services,Louth,36,yes,83,H2 2025
Professional services,Limerick,34,no,109,H2 2025
Property,Mayo,44,yes,62,H1 2026
Health,Galway,26,no,183,H1 2026
Professional services,Cork,50,yes,180,H2 2025
Retail and ecommerce,Louth,21,no,261,H2 2025
Professional services,Mayo,50,yes,43,H2 2025
Property,Louth,-11,yes,297,H1 2026
Professional services,Cork,52,no,158,H1 2026
Financial services,Meath,44,yes,47,H1 2026
Health,Galway,59,yes,69,H1 2026
Financial services,Cork,29,yes,120,H1 2026
Retail and ecommerce,Louth,54,yes,136,H2 2025
Professional services,Cork,26,no,207,H2 2025
Property,Louth,40,yes,74,H1 2026
Property,Cork,-2,no,463,H2 2025
Property,Mayo,58,yes,141,H1 2026
Health,Cork,37,yes,115,H1 2026
Property,Limerick,48,no,136,H2 2025
Professional services,Cork,13,no,88,H1 2026
Professional services,Kildare,38,yes,143,H1 2026
Professional services,Louth,21,no,273,H1 2026
Professional services,Meath,57,yes,-25,H2 2025
Tourism and hospitality,Kildare,-6,yes,411,H2 2025
Retail and ecommerce,Louth,37,no,26,H1 2026
Public sector,Mayo,31,yes,23,H2 2025
Tourism and hospitality,Mayo,48,no,218,H2 2025
Property,Cork,14,yes,67,H2 2025
Financial services,Mayo,37,no,224,H1 2026
Health,Galway,15,no,321,H1 2026
Public sector,Louth,40,yes,-56,H2 2025
Tourism and hospitality,Mayo,7,yes,452,H1 2026
Financial services,Limerick,59,yes,82,H2 2025
Professional services,Louth,45,no,209,H2 2025
Property,Kildare,44,no,185,H2 2025
Retail and ecommerce,Limerick,16,yes,194,H1 2026
Health,Mayo,41,no,272,H2 2025
Financial services,Kildare,14,no,211,H2 2025
Tourism and hospitality,Kildare,35,yes,93,H2 2025
Professional services,Kildare,-8,no,321,H1 2026
Professional services,Cork,35,no,87,H1 2026
Property,Cork,24,no,199,H2 2025
Public sector,Louth,39,yes,99,H1 2026
Public sector,Limerick,31,no,175,H2 2025
Property,Louth,57,no,199,H2 2025
Tourism and hospitality,Louth,20,no,256,H2 2025
Professional services,Galway,38,no,8,H1 2026
Public sector,Limerick,3,yes,340,H2 2025
Professional services,Limerick,57,no,-20,H2 2025
Retail and ecommerce,Louth,32,yes,116,H1 2026
Property,Mayo,62,no,249,H2 2025
Health,Mayo,16,yes,248,H2 2025
Health,Louth,59,yes,246,H1 2026
Public sector,Limerick,30,yes,336,H1 2026
Professional services,Limerick,34,yes,11,H1 2026
Professional services,Kildare,12,no,362,H2 2025
Financial services,Cork,34,no,133,H1 2026
Professional services,Mayo,37,yes,87,H1 2026
Financial services,Cork,50,no,156,H2 2025
Property,Limerick,19,no,215,H2 2025
Professional services,Louth,33,no,146,H2 2025
Professional services,Cork,22,yes,293,H2 2025
Public sector,Galway,40,no,131,H2 2025
Professional services,Louth,11,yes,401,H1 2026
Public sector,Kildare,46,no,155,H2 2025
Professional services,Louth,27,yes,95,H1 2026
Retail and ecommerce,Cork,59,yes,254,H2 2025
Financial services,Mayo,17,no,71,H2 2025
Retail and ecommerce,Cork,55,no,294,H2 2025
Tourism and hospitality,Meath,17,no,204,H2 2025
Property,Cork,43,no,-27,H1 2026
Retail and ecommerce,Mayo,2,yes,464,H2 2025
Public sector,Louth,41,yes,4,H2 2025
Health,Louth,24,no,162,H1 2026
Health,Cork,45,no,195,H2 2025
Public sector,Limerick,30,no,114,H1 2026
Retail and ecommerce,Kildare,56,yes,303,H2 2025
Tourism and hospitality,Kildare,5,yes,305,H1 2026
Property,Louth,54,yes,113,H1 2026
Health,Louth,-8,yes,406,H2 2025
Health,Louth,42,no,147,H1 2026
Professional services,Galway,34,no,210,H2 2025
Professional services,Cork,47,no,64,H1 2026
Professional services,Louth,9,no,108,H1 2026
Retail and ecommerce,Louth,43,no,203,H2 2025
Retail and ecommerce,Cork,27,no,178,H1 2026
Property,Louth,46,yes,-44,H1 2026
Tourism and hospitality,Kildare,1,yes,354,H1 2026
Property,Limerick,58,no,8,H2 2025
Financial services,Mayo,31,no,147,H2 2025
Professional services,Mayo,36,no,188,H2 2025
Retail and ecommerce,Louth,21,no,142,H1 2026
Financial services,Louth,42,yes,189,H2 2025
Professional services,Meath,29,yes,187,H1 2026
Professional services,Louth,55,yes,129,H1 2026
Professional services,Louth,-11,yes,291,H1 2026
Financial services,Louth,35,yes,-1,H2 2025
Health,Mayo,24,yes,182,H1 2026
Health,Meath,36,no,194,H1 2026
Tourism and hospitality,Meath,14,no,168,H1 2026
Professional services,Louth,44,no,170,H1 2026
Health,Mayo,31,yes,238,H1 2026
Health,Louth,37,no,63,H1 2026
Public sector,Meath,8,no,273,H2 2025
Retail and ecommerce,Kildare,42,yes,66,H1 2026
Tourism and hospitality,Meath,44,no,116,H2 2025
Professional services,Galway,40,no,236,H2 2025
Tourism and hospitality,Meath,21,no,116,H2 2025
Public sector,Meath,37,no,292,H2 2025
Property,Kildare,9,no,151,H2 2025
Tourism and hospitality,Limerick,50,yes,-55,H1 2026
Professional services,Louth,-3,no,366,H2 2025
Tourism and hospitality,Galway,54,yes,25,H2 2025
Professional services,Galway,36,no,100,H1 2026
Public sector,Louth,40,yes,84,H2 2025
Property,Limerick,34,yes,73,H2 2025
Professional services,Louth,57,no,209,H1 2026
Professional services,Galway,7,no,258,H2 2025
Tourism and hospitality,Limerick,53,yes,-21,H1 2026
Professional services,Cork,7,no,385,H1 2026
Public sector,Kildare,46,no,80,H1 2026
Health,Meath,39,yes,197,H2 2025
Financial services,Meath,54,yes,177,H2 2025
Health,Limerick,33,yes,212,H1 2026
Health,Louth,53,yes,218,H1 2026
Financial services,Meath,29,no,196,H2 2025
Property,Meath,32,yes,8,H2 2025
Property,Cork,1,yes,403,H1 2026
Retail and ecommerce,Limerick,34,yes,57,H2 2025
Professional services,Galway,45,yes,59,H1 2026
Public sector,Meath,35,no,86,H2 2025
Health,Mayo,24,yes,194,H1 2026
Health,Louth,57,yes,142,H2 2025
Health,Louth,24,yes,271,H2 2025
Professional services,Cork,37,no,90,H2 2025
Financial services,Galway,-4,no,341,H2 2025
Professional services,Cork,48,no,-6,H1 2026
Retail and ecommerce,Limerick,31,yes,192,H1 2026
Health,Louth,55,no,239,H2 2025
Financial services,Louth,20,yes,230,H2 2025
Property,Limerick,46,no,290,H2 2025
Financial services,Cork,15,no,302,H1 2026
Professional services,Limerick,43,yes,128,H2 2025
Professional services,Louth,-2,no,273,H2 2025
Professional services,Limerick,40,no,6,H1 2026
Tourism and hospitality,Louth,39,no,214,H1 2026
Public sector,Meath,56,yes,216,H2 2025
Professional services,Mayo,28,no,149,H1 2026
Public sector,Kildare,58,yes,232,H2 2025
Property,Meath,21,no,295,H1 2026
Health,Louth,50,no,99,H1 2026
Property,Limerick,11,yes,423,H1 2026
Property,Cork,49,no,94,H2 2025
Public sector,Galway,33,yes,48,H1 2026
Professional services,Meath,58,yes,163,H2 2025
Professional services,Meath,12,no,175,H1 2026
Financial services,Limerick,33,yes,146,H2 2025
Financial services,Cork,9,no,196,H2 2025
Health,Louth,34,yes,-34,H2 2025
Public sector,Cork,-4,yes,421,H2 2025
Property,Kildare,37,yes,84,H2 2025
Public sector,Meath,22,no,114,H2 2025
Property,Kildare,48,no,239,H2 2025
Health,Cork,22,no,124,H1 2026
Health,Galway,46,yes,234,H1 2026
Health,Kildare,12,yes,177,H1 2026
Financial services,Galway,40,no,34,H2 2025
Public sector,Limerick,-8,yes,407,H1 2026
Financial services,Kildare,34,yes,52,H1 2026
Professional services,Louth,35,yes,173,H2 2025
Tourism and hospitality,Louth,51,yes,216,H1 2026
Tourism and hospitality,Louth,22,no,208,H2 2025
Tourism and hospitality,Mayo,50,no,298,H2 2025
Professional services,Louth,28,yes,151,H2 2025
Public sector,Limerick,51,no,135,H1 2026
Retail and ecommerce,Cork,3,yes,363,H2 2025
Property,Cork,35,yes,85,H2 2025
Retail and ecommerce,Cork,35,no,158,H1 2026
Retail and ecommerce,Louth,48,no,119,H1 2026
Professional services,Louth,9,yes,173,H2 2025
Public sector,Galway,45,yes,260,H2 2025
Property,Louth,14,yes,172,H2 2025
Retail and ecommerce,Cork,31,yes,46,H2 2025
Professional services,Louth,2,yes,378,H1 2026
Property,Meath,34,no,67,H1 2026
Property,Limerick,45,no,102,H1 2026
Financial services,Limerick,53,no,215,H1 2026
Property,Louth,15,yes,154,H2 2025
Financial services,Limerick,42,yes,325,H1 2026
Health,Kildare,30,no,222,H1 2026
Public sector,Galway,46,no,-23,H1 2026
Public sector,Louth,-11,yes,300,H2 2025
Tourism and hospitality,Louth,59,yes,92,H1 2026
Retail and ecommerce,Louth,26,yes,55,H2 2025
Health,Kildare,39,yes,235,H2 2025
Property,Galway,30,no,213,H2 2025
Professional services,Kildare,49,no,179,H2 2025
Retail and ecommerce,Galway,28,yes,268,H1 2026
Financial services,Louth,36,no,21,H1 2026
Property,Cork,-2,yes,393,H2 2025
Tourism and hospitality,Meath,49,yes,122,H2 2025
Property,Galway,23,yes,118,H2 2025
Financial services,Mayo,58,no,146,H1 2026
Tourism and hospitality,Meath,36,yes,205,H1 2026
Public sector,Limerick,58,no,255,H2 2025
Retail and ecommerce,Mayo,13,yes,171,H2 2025
Retail and ecommerce,Louth,49,no,15,H2 2025
Financial services,Cork,9,no,277,H1 2026
Tourism and hospitality,Limerick,52,yes,-27,H2 2025
Financial services,Louth,44,no,63,H2 2025
Financial services,Limerick,45,yes,89,H2 2025
Professional services,Meath,16,no,230,H2 2025
Tourism and hospitality,Meath,54,no,131,H1 2026
Tourism and hospitality,Galway,23,yes,303,H1 2026
Property,Mayo,41,yes,-12,H1 2026
Financial services,Louth,11,yes,378,H2 2025
Retail and ecommerce,Kildare,36,no,150,H1 2026
Property,Meath,47,yes,107,H1 2026
Health,Mayo,59,no,239,H1 2026
Professional services,Limerick,18,yes,80,H1 2026
Health,Limerick,52,no,160,H1 2026
Property,Kildare,28,no,226,H2 2025
Health,Cork,36,no,46,H2 2025
Professional services,Louth,13,no,337,H2 2025
Professional services,Louth,42,yes,153,H2 2025
Professional services,Galway,47,yes,199,H1 2026
Property,Meath,43,yes,79,H1 2026
Public sector,Meath,33,no,136,H1 2026
Tourism and hospitality,Louth,55,yes,189,H1 2026
Retail and ecommerce,Limerick,7,yes,332,H2 2025
Professional services,Limerick,31,yes,-11,H1 2026
Professional services,Limerick,5,no,407,H2 2025
Health,Cork,40,yes,102,H1 2026
Professional services,Meath,26,yes,99,H1 2026
Financial services,Louth,55,no,216,H2 2025
Professional services,Galway,13,yes,105,H2 2025
Health,Meath,34,no,140,H2 2025
Professional services,Kildare,9,no,177,H1 2026
Professional services,Louth,43,yes,-8,H2 2025
Tourism and hospitality,Louth,-1,yes,448,H2 2025
Retail and ecommerce,Mayo,60,yes,147,H1 2026
Property,Kildare,35,no,131,H1 2026
Financial services,Cork,58,yes,211,H1 2026
Public sector,Galway,35,no,212,H2 2025
Health,Meath,58,yes,175,H1 2026
Tourism and hospitality,Meath,24,no,294,H2 2025
Health,Louth,45,yes,-52,H1 2026
Public sector,Kildare,4,no,406,H1 2026
Financial services,Limerick,55,no,56,H2 2025
Financial services,Louth,38,yes,50,H1 2026
Tourism and hospitality,Louth,47,yes,74,H2 2025
Professional services,Cork,31,no,105,H2 2025
Health,Louth,59,no,292,H1 2026
Public sector,Meath,19,no,315,H2 2025
Retail and ecommerce,Cork,41,no,39,H1 2026
Financial services,Mayo,-10,no,428,H1 2026
Property,Cork,39,no,-25,H1 2026
Professional services,Limerick,33,no,152,H1 2026
Public sector,Meath,48,yes,78,H2 2025
Financial services,Mayo,27,yes,130,H1 2026
Retail and ecommerce,Cork,37,yes,170,H1 2026
Professional services,Limerick,22,no,234,H1 2026
Public sector,Galway,37,yes,-26,H1 2026
Retail and ecommerce,Limerick,11,yes,451,H2 2025
Financial services,Mayo,44,no,-29,H1 2026
Professional services,Cork,29,no,94,H1 2026
Tourism and hospitality,Cork,46,no,66,H1 2026
Health,Mayo,31,no,146,H1 2026
Public sector,Kildare,45,no,136,H2 2025
Tourism and hospitality,Limerick,11,no,279,H1 2026
Retail and ecommerce,Kildare,51,no,-51,H2 2025
Professional services,Kildare,0,yes,411,H1 2026
Financial services,Louth,54,no,-23,H2 2025
Retail and ecommerce,Galway,21,yes,161,H1 2026
Professional services,Louth,37,yes,247,H2 2025
Tourism and hospitality,Kildare,14,yes,67,H2 2025
Retail and ecommerce,Kildare,33,yes,165,H1 2026
Retail and ecommerce,Louth,5,yes,297,H2 2025
Property,Cork,35,no,118,H2 2025
Financial services,Cork,-6,no,460,H1 2026
Tourism and hospitality,Cork,34,yes,49,H1 2026
Property,Meath,24,yes,185,H2 2025
Property,Cork,58,no,229,H1 2026
Tourism and hospitality,Louth,21,yes,114,H2 2025
Retail and ecommerce,Louth,54,no,185,H1 2026
Public sector,Louth,18,yes,257,H1 2026
Retail and ecommerce,Galway,42,yes,40,H2 2025
Property,Limerick,2,yes,413,H2 2025
Financial services,Meath,58,no,37,H2 2025
Tourism and hospitality,Cork,24,no,73,H1 2026
Public sector,Louth,36,yes,138,H1 2026
Financial services,Galway,23,yes,123,H2 2025
Health,Cork,52,yes,166,H1 2026
Professional services,Mayo,23,yes,167,H2 2025
Financial services,Meath,37,yes,-47,H2 2025
Retail and ecommerce,Louth,13,no,379,H1 2026
Professional services,Kildare,38,yes,157,H1 2026
Financial services,Mayo,27,yes,112,H2 2025
Public sector,Cork,50,no,178,H2 2025
Health,Limerick,34,no,56,H1 2026
Retail and ecommerce,Galway,42,yes,256,H1 2026
Tourism and hospitality,Louth,16,yes,258,H2 2025
Professional services,Limerick,40,yes,36,H1 2026
Financial services,Cork,-3,yes,387,H2 2025
Tourism and hospitality,Limerick,50,no,-30,H1 2026
Health,Cork,42,yes,97,H2 2025
Tourism and hospitality,Louth,41,yes,92,H1 2026
Tourism and hospitality,Cork,21,no,93,H1 2026
Tourism and hospitality,Galway,39,yes,131,H1 2026
Retail and ecommerce,Kildare,23,no,258,H2 2025
Professional services,Kildare,46,no,42,H1 2026
Tourism and hospitality,Louth,5,no,284,H2 2025
Health,Limerick,37,no,101,H1 2026
Property,Galway,22,no,219,H2 2025
Professional services,Louth,49,yes,188,H2 2025
Public sector,Limerick,29,no,56,H1 2026
Tourism and hospitality,Limerick,44,no,176,H1 2026
Retail and ecommerce,Meath,25,yes,277,H1 2026
Retail and ecommerce,Meath,47,yes,24,H1 2026
Retail and ecommerce,Mayo,-5,yes,310,H1 2026
Health,Galway,42,yes,31,H2 2025
Financial services,Meath,26,no,162,H1 2026
Tourism and hospitality,Mayo,35,yes,185,H2 2025
Property,Mayo,20,no,102,H2 2025
Retail and ecommerce,Limerick,37,yes,181,H2 2025
Professional services,Louth,15,no,338,H1 2026
Professional services,Louth,47,no,9,H2 2025
Financial services,Meath,8,yes,309,H1 2026
Public sector,Kildare,39,yes,28,H2 2025
Retail and ecommerce,Cork,39,yes,98,H1 2026
Public sector,Kildare,40,no,186,H2 2025
Public sector,Mayo,10,no,143,H2 2025
Public sector,Louth,55,no,221,H2 2025
Tourism and hospitality,Limerick,19,yes,264,H2 2025
Professional services,Limerick,52,yes,107,H1 2026
Professional services,Mayo,8,yes,455,H2 2025
Professional services,Galway,59,no,-23,H1 2026
Professional services,Cork,25,no,100,H1 2026
Professional services,Kildare,53,yes,63,H1 2026
Professional services,Meath,35,no,233,H1 2026
Professional services,Limerick,32,yes,272,H2 2025
Retail and ecommerce,Kildare,24,no,241,H2 2025
Public sector,Galway,53,no,49,H1 2026
Professional services,Mayo,10,no,408,H1 2026
Financial services,Louth,41,no,96,H2 2025
Financial services,Limerick,39,yes,191,H2 2025
Tourism and hospitality,Cork,60,yes,183,H1 2026
Tourism and hospitality,Louth,13,no,199,H1 2026
Property,Limerick,58,no,299,H1 2026
Public sector,Meath,16,no,311,H1 2026
Retail and ecommerce,Mayo,47,yes,-40,H2 2025
Public sector,Galway,1,yes,314,H2 2025
Health,Meath,54,no,91,H2 2025
Retail and ecommerce,Galway,29,no,41,H1 2026
Professional services,Louth,36,no,192,H1 2026
Financial services,Louth,17,no,158,H1 2026
Retail and ecommerce,Kildare,43,no,168,H1 2026
Health,Mayo,15,yes,300,H1 2026
Professional services,Cork,33,no,106,H2 2025
Retail and ecommerce,Galway,8,yes,337,H1 2026
Retail and ecommerce,Cork,39,yes,23,H2 2025
Tourism and hospitality,Mayo,19,yes,74,H1 2026
Tourism and hospitality,Galway,34,yes,155,H1 2026
Financial services,Louth,12,yes,169,H1 2026
Professional services,Mayo,34,yes,255,H2 2025
Property,Galway,17,no,180,H1 2026
Professional services,Mayo,46,yes,48,H1 2026
Professional services,Meath,-4,yes,383,H1 2026
Professional services,Kildare,45,no,32,H2 2025
Tourism and hospitality,Meath,32,no,79,H2 2025
Retail and ecommerce,Meath,59,yes,182,H2 2025
Tourism and hospitality,Louth,10,yes,164,H1 2026
Property,Cork,47,yes,304,H1 2026
Health,Meath,11,no,157,H2 2025
Tourism and hospitality,Cork,54,no,56,H1 2026
Health,Kildare,11,no,339,H1 2026
Public sector,Galway,41,yes,11,H2 2025
Retail and ecommerce,Galway,29,no,41,H2 2025
Professional services,Louth,59,no,120,H1 2026
Retail and ecommerce,Meath,32,no,217,H1 2026
Professional services,Meath,35,no,313,H2 2025
Professional services,Galway,16,no,190,H2 2025
Professional services,Mayo,45,no,17,H1 2026
Financial services,Louth,1,no,281,H2 2025
Public sector,Mayo,37,yes,48,H2 2025
Property,Galway,35,yes,189,H2 2025
Professional services,Louth,37,no,204,H2 2025
Financial services,Louth,12,no,140,H2 2025
Professional services,Louth,42,no,129,H1 2026
Public sector,Galway,28,yes,182,H1 2026
Health,Galway,48,yes,107,H1 2026
Professional services,Louth,12,yes,290,H2 2025
Tourism and hospitality,Kildare,54,no,93,H2 2025
Retail and ecommerce,Limerick,33,no,120,H2 2025
Professional services,Louth,48,yes,203,H2 2025
Professional services,Louth,10,no,96,H2 2025
Professional services,Louth,38,yes,216,H2 2025
Financial services,Galway,28,no,212,H2 2025
Tourism and hospitality,Kildare,53,yes,17,H1 2026
Health,Cork,7,no,377,H1 2026
Financial services,Cork,34,yes,149,H2 2025
Public sector,Louth,30,yes,161,H2 2025
Property,Mayo,41,yes,192,H1 2026
Retail and ecommerce,Kildare,34,no,80,H1 2026
Tourism and hospitality,Mayo,43,yes,192,H1 2026
Health,Cork,18,yes,311,H1 2026
Professional services,Louth,46,no,-33,H2 2025
Retail and ecommerce,Mayo,-11,yes,359,H1 2026
Property,Cork,39,yes,58,H2 2025
Health,Louth,36,yes,150,H2 2025
Financial services,Kildare,47,yes,89,H2 2025
Professional services,Louth,11,no,250,H2 2025
Retail and ecommerce,Mayo,38,yes,164,H1 2026
Public sector,Louth,19,yes,334,H2 2025
Health,Kildare,57,yes,66,H1 2026
Tourism and hospitality,Mayo,5,yes,273,H1 2026
Retail and ecommerce,Mayo,50,no,102,H1 2026
Health,Mayo,22,no,44,H2 2025
Property,Louth,43,no,230,H1 2026
Public sector,Louth,23,yes,226,H1 2026
Property,Meath,43,yes,196,H1 2026
Tourism and hospitality,Mayo,9,yes,291,H2 2025
Property,Louth,56,no,84,H1 2026
Professional services,Mayo,-7,no,360,H2 2025
Financial services,Louth,41,no,-16,H1 2026
Retail and ecommerce,Louth,26,yes,67,H1 2026
Retail and ecommerce,Kildare,40,no,186,H1 2026
Financial services,Galway,17,no,193,H2 2025
Public sector,Louth,39,yes,282,H2 2025
Professional services,Meath,22,yes,210,H1 2026
Tourism and hospitality,Mayo,37,no,120,H2 2025
Tourism and hospitality,Louth,2,yes,388,H1 2026
Property,Louth,36,yes,155,H2 2025
Public sector,Louth,29,no,69,H2 2025
Health,Kildare,45,yes,191,H2 2025
Professional services,Louth,16,yes,141,H1 2026
Professional services,Louth,53,yes,161,H1 2026
Professional services,Louth,19,no,258,H2 2025
Health,Louth,43,yes,104,H1 2026
Tourism and hospitality,Cork,4,no,323,H1 2026
Tourism and hospitality,Louth,40,no,-2,H2 2025
Public sector,Kildare,21,yes,105,H2 2025
Tourism and hospitality,Mayo,49,yes,255,H2 2025
Professional services,Louth,20,no,222,H1 2026
Health,Meath,39,no,321,H2 2025
Public sector,Mayo,29,yes,271,H2 2025
Property,Limerick,57,no,-17,H1 2026
Health,Limerick,11,no,316,H2 2025
Financial services,Mayo,33,yes,146,H1 2026
Health,Kildare,29,no,57,H1 2026
Financial services,Kildare,43,yes,141,H2 2025
Health,Kildare,28,no,149,H1 2026
Health,Mayo,59,no,133,H1 2026
Professional services,Louth,26,no,300,H1 2026
Professional services,Limerick,46,yes,-43,H2 2025
Financial services,Kildare,8,yes,466,H2 2025
Health,Mayo,42,yes,92,H1 2026
Public sector,Limerick,39,yes,115,H1 2026
Financial services,Mayo,41,yes,212,H1 2026
Property,Galway,22,no,82,H2 2025
Retail and ecommerce,Meath,35,yes,214,H2 2025
Tourism and hospitality,Galway,29,yes,173,H1 2026
Health,Kildare,46,no,78,H1 2026
Health,Limerick,-4,no,290,H1 2026
Retail and ecommerce,Louth,39,no,152,H1 2026
Public sector,Cork,33,yes,39,H2 2025
Property,Galway,45,no,140,H2 2025
Tourism and hospitality,Cork,11,no,66,H2 2025
Financial services,Mayo,44,yes,319,H2 2025
Tourism and hospitality,Cork,24,no,172,H1 2026
Professional services,Cork,39,yes,111,H1 2026
Professional services,Limerick,8,yes,344,H1 2026
Property,Cork,37,yes,32,H2 2025
Retail and ecommerce,Limerick,38,no,73,H1 2026
Tourism and hospitality,Louth,35,no,102,H2 2025
Professional services,Limerick,15,yes,184,H1 2026
Public sector,Louth,44,yes,217,H1 2026
Financial services,Louth,10,yes,345,H2 2025
Professional services,Louth,45,yes,107,H1 2026
Property,Galway,2,no,273,H1 2026
Financial services,Mayo,46,yes,-1,H1 2026
Professional services,Kildare,42,no,30,H2 2025
Professional services,Mayo,39,no,258,H1 2026
Professional services,Kildare,18,no,97,H1 2026
Tourism and hospitality,Kildare,59,no,295,H1 2026
Professional services,Kildare,22,no,340,H2 2025
Public sector,Kildare,54,no,67,H1 2026
Professional services,Limerick,-12,no,437,H1 2026
Financial services,Louth,59,no,33,H2 2025
Financial services,Limerick,36,yes,213,H2 2025
Public sector,Limerick,56,no,241,H1 2026
Health,Louth,24,yes,224,H2 2025
Retail and ecommerce,Limerick,39,yes,257,H1 2026
Financial services,Cork,15,yes,248,H2 2025
Public sector,Kildare,53,no,30,H2 2025
Retail and ecommerce,Limerick,3,yes,336,H1 2026
Tourism and hospitality,Limerick,46,no,160,H1 2026
Retail and ecommerce,Cork,39,yes,96,H2 2025
Health,Kildare,59,yes,229,H2 2025
Professional services,Galway,26,yes,60,H2 2025
Financial services,Mayo,47,no,314,H1 2026
Property,Cork,18,no,337,H2 2025
Public sector,Cork,49,yes,92,H1 2026
Health,Meath,4,no,273,H2 2025
Public sector,Louth,52,yes,129,H1 2026
Retail and ecommerce,Cork,20,yes,140,H2 2025
Retail and ecommerce,Meath,60,no,230,H2 2025
Health,Mayo,14,yes,173,H1 2026
Public sector,Galway,48,yes,210,H1 2026
Public sector,Cork,18,yes,206,H2 2025
Professional services,Louth,41,no,-51,H1 2026
Professional services,Limerick,-9,no,305,H2 2025
Tourism and hospitality,Kildare,48,yes,104,H1 2026
Public sector,Louth,26,no,139,H2 2025
Professional services,Louth,61,yes,237,H2 2025
Property,Galway,17,yes,247,H1 2026
Professional services,Kildare,50,no,282,H1 2026
Public sector,Cork,5,no,274,H1 2026
Retail and ecommerce,Cork,36,yes,125,H1 2026
Health,Limerick,-1,yes,314,H1 2026
Professional services,Galway,43,yes,4,H2 2025
Property,Mayo,46,no,83,H2 2025
Property,Galway,52,yes,79,H2 2025
Professional services,Louth,30,no,234,H2 2025
Financial services,Meath,46,yes,242,H1 2026
Professional services,Kildare,12,no,164,H2 2025
Professional services,Kildare,55,no,42,H1 2026
Professional services,Louth,-9,yes,464,H2 2025
Financial services,Louth,33,no,-19,H2 2025
Financial services,Limerick,24,no,179,H2 2025
Financial services,Louth,42,yes,258,H1 2026
Health,Mayo,34,yes,83,H2 2025
Professional services,Galway,35,yes,222,H2 2025
Financial services,Mayo,16,no,310,H1 2026
Health,Kildare,42,yes,106,H2 2025
Tourism and hospitality,Kildare,11,yes,458,H2 2025
Professional services,Mayo,45,yes,6,H2 2025
Retail and ecommerce,Galway,40,yes,108,H1 2026
Financial services,Meath,41,no,243,H2 2025
Professional services,Louth,31,yes,173,H1 2026
Property,Meath,48,yes,189,H2 2025
Retail and ecommerce,Mayo,26,yes,193,H2 2025
Health,Limerick,31,yes,-7,H1 2026
Professional services,Meath,-7,no,452,H1 2026
Financial services,Limerick,49,yes,0,H2 2025
Public sector,Cork,35,yes,94,H2 2025
Tourism and hospitality,Louth,56,no,88,H2 2025
Public sector,Galway,21,no,229,H1 2026
Retail and ecommerce,Cork,41,no,264,H2 2025
Property,Galway,23,no,253,H2 2025
Professional services,Limerick,58,no,99,H1 2026
Public sector,Mayo,3,yes,428,H2 2025
Financial services,Meath,35,no,89,H1 2026
Health,Mayo,33,yes,132,H2 2025
Retail and ecommerce,Kildare,39,yes,196,H1 2026
Public sector,Mayo,8,no,215,H2 2025
Professional services,Kildare,39,yes,128,H2 2025
Retail and ecommerce,Mayo,24,no,221,H2 2025
Professional services,Cork,41,no,87,H1 2026
Retail and ecommerce,Limerick,7,no,339,H2 2025
Professional services,Galway,36,no,57,H1 2026
Public sector,Louth,28,no,207,H1 2026
Health,Louth,36,yes,76,H2 2025
Tourism and hospitality,Limerick,15,no,194,H2 2025
Professional services,Cork,48,no,136,H1 2026
Public sector,Louth,22,no,188,H2 2025
Public sector,Cork,39,no,97,H1 2026
Professional services,Limerick,-10,yes,445,H1 2026
Financial services,Kildare,56,yes,-2,H2 2025
Financial services,Kildare,36,yes,174,H2 2025
Public sector,Galway,54,yes,226,H1 2026
Financial services,Cork,18,yes,220,H2 2025
Tourism and hospitality,Kildare,34,yes,149,H1 2026
Public sector,Cork,13,yes,157,H1 2026
Professional services,Galway,45,no,128,H1 2026
Retail and ecommerce,Louth,-4,no,458,H1 2026
Tourism and hospitality,Limerick,48,no,157,H2 2025
Professional services,Mayo,26,no,206,H2 2025
Public sector,Limerick,47,yes,235,H2 2025
Property,Kildare,13,yes,67,H2 2025
Health,Mayo,57,no,258,H2 2025
Retail and ecommerce,Galway,20,no,166,H2 2025
Professional services,Cork,36,yes,50,H1 2026
Professional services,Limerick,11,no,452,H1 2026
Financial services,Cork,53,yes,31,H2 2025
Financial services,Galway,40,yes,199,H2 2025
Tourism and hospitality,Louth,61,no,238,H2 2025
Health,Louth,28,yes,160,H2 2025
Financial services,Cork,43,yes,141,H2 2025
Property,Louth,11,yes,199,H2 2025
Tourism and hospitality,Kildare,40,no,101,H1 2026
Tourism and hospitality,Meath,7,yes,399,H1 2026
Health,Limerick,49,yes,-14,H1 2026
Property,Meath,47,yes,185,H1 2026
Financial services,Meath,56,no,251,H1 2026
Public sector,Cork,12,yes,135,H1 2026
Professional services,Louth,56,no,283,H2 2025
Professional services,Cork,4,yes,251,H1 2026
Public sector,Meath,53,no,8,H1 2026
Financial services,Limerick,4,yes,286,H2 2025
Health,Louth,35,yes,6,H1 2026
Professional services,Galway,46,yes,141,H1 2026
Professional services,Limerick,59,yes,255,H1 2026
Professional services,Louth,23,no,60,H2 2025
Health,Cork,55,no,175,H1 2026
Retail and ecommerce,Cork,20,yes,308,H1 2026
Public sector,Meath,36,no,131,H2 2025
Retail and ecommerce,Louth,8,yes,461,H2 2025
Professional services,Meath,42,yes,146,H1 2026
Retail and ecommerce,Louth,37,yes,106,H2 2025
Public sector,Mayo,48,yes,209,H2 2025
Professional services,Louth,30,yes,129,H1 2026
Tourism and hospitality,Meath,34,no,263,H2 2025
Professional services,Meath,29,yes,169,H2 2025
Financial services,Limerick,32,yes,-55,H1 2026
Public sector,Limerick,11,no,316,H1 2026
Professional services,Kildare,47,yes,-36,H1 2026
Professional services,Kildare,23,yes,36,H1 2026
Professional services,Louth,38,yes,230,H1 2026
Retail and ecommerce,Louth,21,yes,86,H2 2025
Public sector,Limerick,43,yes,227,H1 2026
Professional services,Limerick,21,no,182,H1 2026
Financial services,Louth,38,no,56,H1 2026
Financial services,Louth,-2,no,378,H1 2026
Property,Kildare,42,no,18,H1 2026
Property,Limerick,23,no,118,H2 2025
Retail and ecommerce,Cork,59,yes,203,H2 2025
Professional services,Limerick,20,no,146,H1 2026
Public sector,Cork,35,no,178,H2 2025
Professional services,Limerick,22,yes,256,H2 2025
Tourism and hospitality,Galway,58,no,-54,H1 2026
Retail and ecommerce,Galway,-1,yes,318,H1 2026
Tourism and hospitality,Meath,44,no,110,H1 2026
Retail and ecommerce,Louth,41,no,24,H2 2025
Professional services,Meath,43,no,72,H1 2026
Property,Louth,16,yes,118,H2 2025
Public sector,Cork,55,yes,160,H1 2026
Professional services,Louth,31,no,336,H2 2025
Property,Meath,30,no,134,H1 2026
Financial services,Kildare,-2,no,311,H2 2025
Professional services,Kildare,56,no,135,H1 2026
Health,Mayo,41,no,39,H1 2026
Property,Meath,54,yes,116,H1 2026
Tourism and hospitality,Louth,20,yes,180,H2 2025
Tourism and hospitality,Galway,32,no,177,H2 2025
Health,Limerick,19,no,193,H1 2026
Tourism and hospitality,Limerick,37,yes,101,H1 2026
Professional services,Mayo,15,no,401,H2 2025
Professional services,Mayo,41,no,-19,H2 2025
Financial services,Limerick,31,no,202,H2 2025
Tourism and hospitality,Galway,48,no,150,H1 2026
Public sector,Louth,21,no,243,H1 2026
Property,Cork,49,yes,257,H1 2026
Professional services,Mayo,20,yes,175,H1 2026
Health,Louth,32,yes,81,H1 2026
Retail and ecommerce,Meath,2,no,304,H1 2026
Financial services,Mayo,51,yes,25,H2 2025
Public sector,Kildare,43,yes,199,H1 2026
Financial services,Meath,60,yes,201,H1 2026
Financial services,Louth,17,no,72,H1 2026
Tourism and hospitality,Mayo,56,yes,142,H1 2026
Financial services,Meath,25,yes,279,H2 2025
Professional services,Louth,50,yes,61,H1 2026
Professional services,Meath,-12,yes,293,H2 2025
Property,Cork,57,no,-1,H2 2025
Health,Mayo,33,no,70,H2 2025
Property,Louth,49,yes,120,H2 2025
Property,Kildare,30,yes,91,H1 2026
Tourism and hospitality,Cork,42,yes,168,H2 2025
Professional services,Louth,19,no,341,H1 2026
Retail and ecommerce,Limerick,33,yes,82,H1 2026
Property,Kildare,-8,yes,427,H2 2025
Tourism and hospitality,Galway,34,yes,-23,H1 2026
Retail and ecommerce,Kildare,23,no,115,H2 2025
Health,Louth,47,no,201,H1 2026
Tourism and hospitality,Galway,19,no,83,H2 2025
Health,Meath,57,no,189,H2 2025
Health,Galway,23,yes,160,H1 2026
Property,Meath,45,yes,5,H2 2025
Financial services,Mayo,10,yes,391,H1 2026
Financial services,Kildare,46,yes,-12,H2 2025
Tourism and hospitality,Galway,33,yes,29,H2 2025
Property,Cork,50,yes,245,H1 2026
Financial services,Kildare,14,yes,89,H2 2025
Public sector,Kildare,38,no,321,H1 2026
Professional services,Meath,18,yes,203,H1 2026
Public sector,Galway,38,yes,106,H1 2026
Professional services,Cork,16,yes,393,H1 2026
Property,Limerick,58,yes,-2,H2 2025
Health,Cork,31,no,171,H2 2025
Tourism and hospitality,Louth,36,yes,194,H1 2026
Financial services,Louth,22,no,113,H2 2025
Public sector,Kildare,54,no,196,H1 2026
Retail and ecommerce,Louth,21,yes,313,H1 2026
Financial services,Cork,37,yes,-60,H1 2026
Property,Limerick,-11,no,273,H1 2026
Property,Louth,49,no,151,H1 2026
Retail and ecommerce,Louth,26,no,64,H1 2026
Professional services,Galway,47,yes,219,H1 2026
Retail and ecommerce,Mayo,20,yes,81,H1 2026
Health,Kildare,58,no,281,H2 2025
Financial services,Louth,30,yes,298,H1 2026
Tourism and hospitality,Mayo,46,no,115,H2 2025
Professional services,Kildare,6,no,280,H2 2025
Tourism and hospitality,Louth,53,no,38,H2 2025
Public sector,Meath,39,no,116,H1 2026
Professional services,Galway,42,no,213,H2 2025
Retail and ecommerce,Cork,15,yes,100,H2 2025
Professional services,Galway,52,yes,163,H2 2025
Tourism and hospitality,Meath,11,no,195,H1 2026
Retail and ecommerce,Mayo,49,yes,-30,H1 2026
Retail and ecommerce,Limerick,-2,yes,413,H2 2025
Health,Kildare,50,yes,107,H1 2026
Property,Limerick,22,no,81,H2 2025
Professional services,Cork,47,no,244,H1 2026
Tourism and hospitality,Meath,31,no,206,H1 2026
Public sector,Limerick,35,yes,227,H1 2026
Property,Limerick,11,yes,268,H1 2026
Health,Galway,52,yes,-60,H1 2026
Property,Galway,3,no,339,H1 2026
Retail and ecommerce,Louth,53,no,47,H1 2026
Professional services,Galway,30,no,157,H2 2025
Tourism and hospitality,Mayo,55,no,67,H2 2025
Tourism and hospitality,Galway,29,no,136,H2 2025
Professional services,Meath,53,no,191,H1 2026
Professional services,Mayo,14,no,162,H1 2026
Professional services,Limerick,40,yes,-51,H2 2025
Financial services,Cork,-8,no,310,H2 2025
Professional services,Louth,50,no,116,H2 2025
Tourism and hospitality,Meath,39,no,139,H2 2025
Public sector,Louth,60,yes,190,H2 2025
Retail and ecommerce,Mayo,21,yes,213,H2 2025
Property,Limerick,60,no,241,H2 2025
Financial services,Cork,29,no,201,H2 2025
Financial services,Galway,38,yes,67,H2 2025
Retail and ecommerce,Limerick,14,yes,350,H1 2026
Financial services,Mayo,56,no,71,H2 2025
Tourism and hospitality,Galway,20,yes,179,H1 2026
Professional services,Galway,38,yes,141,H2 2025
Tourism and hospitality,Mayo,22,yes,211,H1 2026
Public sector,Limerick,40,no,261,H1 2026
Professional services,Louth,14,yes,195,H2 2025
Professional services,Limerick,37,yes,32,H1 2026
Property,Mayo,-9,no,348,H1 2026
Health,Limerick,48,no,-14,H2 2025
Public sector,Kildare,37,yes,130,H2 2025
Financial services,Galway,59,no,184,H2 2025
Professional services,Mayo,19,no,208,H2 2025
Professional services,Galway,46,no,205,H2 2025
Financial services,Louth,13,no,296,H2 2025
Retail and ecommerce,Louth,43,yes,-36,H2 2025
Professional services,Meath,9,no,333,H1 2026
Tourism and hospitality,Louth,57,no,135,H2 2025
Public sector,Mayo,35,no,129,H1 2026
Financial services,Cork,49,no,212,H1 2026
Tourism and hospitality,Galway,27,no,230,H1 2026
Professional services,Louth,41,no,189,H2 2025
Public sector,Meath,5,no,275,H1 2026
Retail and ecommerce,Kildare,53,no,113,H2 2025
Tourism and hospitality,Meath,3,no,306,H2 2025
Public sector,Louth,45,yes,-29,H2 2025
Retail and ecommerce,Louth,21,yes,219,H2 2025
Public sector,Limerick,61,yes,178,H1 2026
Retail and ecommerce,Kildare,14,no,207,H1 2026
Professional services,Kildare,48,no,149,H1 2026
Professional services,Limerick,16,yes,295,H1 2026
Property,Cork,32,yes,74,H1 2026
Tourism and hospitality,Louth,9,no,276,H1 2026
Professional services,Louth,37,yes,149,H1 2026
Retail and ecommerce,Mayo,45,yes,127,H1 2026
Professional services,Galway,38,yes,207,H1 2026
Property,Meath,21,no,119,H1 2026
Health,Limerick,55,no,291,H2 2025
Health,Cork,11,yes,177,H2 2025
Public sector,Louth,50,no,121,H1 2026
Tourism and hospitality,Kildare,-4,no,453,H2 2025
Professional services,Cork,53,yes,46,H1 2026
Professional services,Louth,39,yes,108,H2 2025
Financial services,Meath,41,no,88,H2 2025
Public sector,Galway,32,no,238,H1 2026
Public sector,Galway,34,no,181,H2 2025
Property,Mayo,8,no,246,H2 2025
Professional services,Galway,44,no,97,H2 2025
Tourism and hospitality,Limerick,-10,yes,435,H2 2025
Professional services,Cork,37,yes,82,H1 2026
Public sector,Meath,24,no,32,H1 2026
Property,Limerick,52,no,235,H2 2025
Professional services,Kildare,35,yes,182,H2 2025
Property,Meath,49,no,211,H1 2026
Tourism and hospitality,Galway,13,yes,256,H2 2025
Public sector,Mayo,34,yes,85,H2 2025
Health,Meath,8,no,314,H2 2025
Tourism and hospitality,Mayo,37,yes,89,H1 2026
Financial services,Galway,25,yes,167,H2 2025
Property,Limerick,46,no,211,H1 2026
Retail and ecommerce,Meath,34,no,183,H1 2026
Public sector,Galway,55,no,325,H2 2025
Professional services,Louth,24,yes,242,H1 2026
Tourism and hospitality,Louth,31,yes,-49,H1 2026
Retail and ecommerce,Limerick,-7,no,457,H2 2025
Tourism and hospitality,Louth,40,no,-25,H2 2025
Professional services,Cork,25,no,194,H2 2025
Professional services,Louth,41,yes,134,H2 2025
Retail and ecommerce,Galway,33,no,130,H1 2026
Retail and ecommerce,Mayo,38,yes,291,H2 2025
Professional services,Kildare,15,no,218,H2 2025
Financial services,Louth,58,no,-14,H1 2026
Tourism and hospitality,Louth,15,yes,377,H1 2026
Retail and ecommerce,Limerick,38,yes,59,H1 2026
Public sector,Louth,31,no,203,H1 2026
Health,Cork,61,no,185,H2 2025
Retail and ecommerce,Louth,31,no,156,H1 2026
Health,Kildare,43,no,264,H2 2025
Professional services,Louth,9,yes,213,H2 2025
Professional services,Mayo,50,yes,53,H2 2025
Professional services,Louth,10,yes,367,H1 2026
Financial services,Meath,43,yes,31,H2 2025
Public sector,Louth,27,yes,56,H1 2026
Professional services,Galway,57,yes,166,H1 2026
Professional services,Cork,23,no,140,H1 2026
Retail and ecommerce,Cork,38,no,144,H2 2025
Professional services,Kildare,27,yes,270,H2 2025
Financial services,Meath,52,yes,44,H1 2026
Professional services,Louth,7,yes,319,H1 2026
Professional services,Mayo,56,no,129,H2 2025
Retail and ecommerce,Mayo,30,yes,146,H2 2025
Health,Limerick,54,yes,239,H2 2025
Public sector,Limerick,15,no,188,H1 2026
Professional services,Kildare,48,yes,204,H1 2026
Public sector,Cork,18,yes,277,H1 2026
Professional services,Galway,49,yes,-34,H2 2025
Financial services,Louth,8,no,366,H2 2025
Professional services,Limerick,40,no,95,H1 2026
Financial services,Meath,45,no,93,H1 2026
Property,Cork,34,yes,184,H2 2025
Professional services,Louth,26,yes,233,H1 2026
Professional services,Meath,57,no,155,H2 2025
Public sector,Cork,31,yes,210,H2 2025
Financial services,Kildare,39,yes,44,H1 2026
Financial services,Meath,8,yes,321,H2 2025
Financial services,Mayo,45,no,-36,H1 2026
Tourism and hospitality,Meath,23,no,45,H1 2026
Property,Louth,43,no,207,H1 2026
Public sector,Meath,13,yes,118,H1 2026
Retail and ecommerce,Mayo,32,no,152,H1 2026
Tourism and hospitality,Louth,24,yes,224,H1 2026
Health,Galway,52,yes,126,H1 2026
Professional services,Limerick,0,no,271,H1 2026
Health,Cork,40,yes,144,H1 2026
Health,Cork,31,no,181,H1 2026
Financial services,Louth,52,no,155,H1 2026
Tourism and hospitality,Louth,34,yes,190,H2 2025
Tourism and hospitality,Cork,39,no,255,H1 2026
Professional services,Cork,13,yes,155,H2 2025
Public sector,Limerick,56,yes,55,H1 2026
Professional services,Cork,6,no,437,H1 2026
Tourism and hospitality,Galway,33,no,138,H1 2026
Health,Cork,38,yes,62,H2 2025
Retail and ecommerce,Kildare,58,no,67,H1 2026
Health,Galway,19,no,104,H2 2025
Health,Limerick,58,no,269,H2 2025
Tourism and hospitality,Cork,30,yes,233,H2 2025
Health,Meath,47,no,125,H2 2025
Financial services,Cork,9,no,428,H2 2025
Tourism and hospitality,Cork,51,yes,159,H1 2026
Professional services,Mayo,45,no,35,H2 2025
Property,Limerick,56,no,191,H1 2026
Professional services,Galway,32,no,197,H2 2025
Tourism and hospitality,Louth,59,yes,190,H2 2025
Health,Louth,27,no,240,H1 2026
Professional services,Galway,34,yes,59,H1 2026
Retail and ecommerce,Louth,13,no,388,H2 2025
Public sector,Mayo,46,yes,124,H1 2026
Health,Mayo,23,no,219,H1 2026
Property,Louth,34,yes,102,H1 2026
Professional services,Kildare,33,no,112,H1 2026
Professional services,Limerick,60,yes,282,H2 2025
Retail and ecommerce,Limerick,11,no,274,H1 2026
Public sector,Limerick,36,no,5,H1 2026
Health,Louth,7,yes,312,H2 2025
Retail and ecommerce,Limerick,60,no,131,H1 2026
Professional services,Galway,33,no,95,H2 2025
Professional services,Louth,51,no,257,H1 2026
Public sector,Limerick,14,yes,200,H2 2025
Professional services,Louth,40,yes,174,H1 2026
Public sector,Louth,12,no,176,H1 2026
Public sector,Louth,31,yes,-12,H2 2025
Public sector,Limerick,-9,no,309,H2 2025
Tourism and hospitality,Louth,60,yes,148,H2 2025
Financial services,Meath,47,no,197,H1 2026
Financial services,Louth,41,no,236,H2 2025
Health,Meath,28,no,119,H1 2026
Financial services,Louth,52,yes,194,H2 2025
Retail and ecommerce,Cork,13,no,277,H1 2026
Health,Cork,50,no,128,H1 2026
Professional services,Cork,2,yes,398,H1 2026
Professional services,Louth,58,yes,147,H1 2026
Tourism and hospitality,Limerick,31,yes,219,H2 2025
Public sector,Louth,57,no,179,H2 2025
Retail and ecommerce,Kildare,9,yes,104,H2 2025
Financial services,Louth,41,yes,216,H1 2026
Retail and ecommerce,Cork,22,yes,151,H2 2025
Tourism and hospitality,Kildare,35,no,85,H1 2026
Professional services,Louth,9,yes,362,H2 2025
Public sector,Cork,50,no,127,H2 2025
Property,Louth,42,no,200,H1 2026
Professional services,Louth,54,yes,94,H1 2026
Property,Kildare,14,no,55,H1 2026
Health,Mayo,47,yes,206,H1 2026
Professional services,Louth,30,no,346,H1 2026
Retail and ecommerce,Kildare,53,no,42,H2 2025
Health,Galway,9,yes,434,H2 2025
Public sector,Louth,53,yes,20,H2 2025
Professional services,Louth,26,no,195,H1 2026
Professional services,Mayo,43,no,178,H1 2026
Property,Limerick,22,yes,245,H2 2025
Financial services,Louth,41,no,168,H2 2025
Tourism and hospitality,Cork,21,no,272,H2 2025
Public sector,Louth,56,no,24,H2 2025
Health,Meath,11,yes,272,H1 2026
Property,Louth,50,no,-16,H1 2026
Tourism and hospitality,Mayo,40,no,178,H2 2025
Financial services,Galway,42,no,122,H1 2026
Public sector,Louth,30,no,171,H1 2026
Professional services,Galway,44,no,220,H2 2025
Professional services,Cork,29,no,254,H2 2025
Tourism and hospitality,Cork,50,no,-33,H1 2026
Tourism and hospitality,Limerick,3,yes,397,H1 2026
Financial services,Kildare,53,yes,94,H1 2026
Professional services,Meath,46,yes,220,H1 2026
Public sector,Cork,59,no,245,H1 2026
Retail and ecommerce,Limerick,33,yes,76,H2 2025
Professional services,Limerick,43,yes,227,H1 2026
Retail and ecommerce,Louth,31,yes,183,H2 2025
Tourism and hospitality,Limerick,48,yes,-41,H2 2025
Professional services,Cork,7,yes,349,H1 2026
Retail and ecommerce,Galway,52,yes,160,H2 2025
Professional services,Cork,23,no,32,H2 2025
Public sector,Limerick,44,no,198,H2 2025
Public sector,Cork,21,yes,83,H2 2025
Property,Galway,53,yes,273,H2 2025
Public sector,Galway,21,yes,239,H2 2025
Public sector,Louth,56,no,88,H1 2026
Professional services,Meath,3,yes,412,H2 2025
Professional services,Galway,39,yes,101,H2 2025
Public sector,Galway,22,yes,127,H2 2025
Tourism and hospitality,Mayo,44,yes,192,H2 2025
Professional services,Meath,19,no,178,H1 2026
Property,Louth,38,no,240,H1 2026
Health,Cork,12,yes,202,H2 2025
Property,Meath,33,yes,-60,H2 2025
Professional services,Galway,15,no,333,H1 2026
Professional services,Louth,48,no,-28,H1 2026
Professional services,Kildare,37,no,54,H2 2025
Public sector,Louth,45,no,95,H1 2026
Financial services,Limerick,8,no,171,H1 2026
Professional services,Cork,40,yes,146,H2 2025
Property,Kildare,14,yes,244,H2 2025
Public sector,Meath,31,no,108,H1 2026
Property,Louth,15,yes,356,H2 2025
Health,Louth,40,no,37,H2 2025
Tourism and hospitality,Kildare,33,yes,137,H2 2025
Health,Meath,56,no,185,H1 2026
Retail and ecommerce,Meath,31,no,171,H2 2025
Professional services,Cork,41,yes,234,H1 2026
Financial services,Cork,28,yes,208,H1 2026
Professional services,Kildare,48,yes,17,H1 2026
Financial services,Louth,-6,no,377,H2 2025
Property,Kildare,34,no,-26,H1 2026
Financial services,Limerick,27,no,172,H1 2026
Property,Meath,51,yes,235,H2 2025
Retail and ecommerce,Cork,13,yes,93,H1 2026
Professional services,Meath,45,no,251,H2 2025
Retail and ecommerce,Mayo,22,no,261,H2 2025
Health,Louth,56,yes,113,H1 2026
Retail and ecommerce,Louth,7,yes,281,H2 2025
Tourism and hospitality,Limerick,47,yes,147,H2 2025
Financial services,Cork,42,no,91,H1 2026
Public sector,Kildare,58,no,66,H1 2026
Property,Mayo,12,yes,187,H2 2025
Public sector,Mayo,34,yes,211,H1 2026
Financial services,Limerick,13,yes,214,H2 2025
Retail and ecommerce,Louth,45,yes,104,H2 2025
Property,Mayo,11,yes,437,H1 2026
Property,Mayo,60,no,68,H1 2026
Public sector,Kildare,44,yes,166,H1 2026
Financial services,Galway,56,yes,103,H1 2026
Public sector,Cork,12,no,222,H2 2025
Public sector,Cork,51,yes,172,H2 2025
Health,Mayo,18,no,300,H2 2025
Professional services,Louth,57,no,-6,H1 2026
Tourism and hospitality,Cork,6,yes,387,H2 2025
Professional services,Galway,48,yes,136,H1 2026
Health,Louth,36,yes,119,H2 2025
Professional services,Mayo,51,yes,65,H2 2025
Health,Galway,15,no,137,H1 2026
Professional services,Mayo,56,yes,131,H1 2026
Professional services,Galway,30,yes,221,H1 2026
Professional services,Cork,38,yes,125,H1 2026
Health,Louth,-7,no,328,H2 2025
Retail and ecommerce,Kildare,57,no,64,H1 2026
Professional services,Kildare,32,no,61,H1 2026
Public sector,Cork,40,yes,200,H1 2026
Property,Cork,21,yes,85,H2 2025
Tourism and hospitality,Meath,53,yes,182,H2 2025
Tourism and hospitality,Limerick,17,no,266,H1 2026
Public sector,Kildare,42,no,-46,H1 2026
Professional services,Galway,6,no,395,H1 2026
Financial services,Mayo,55,no,13,H2 2025
Tourism and hospitality,Mayo,39,no,94,H1 2026
Health,Kildare,62,yes,200,H1 2026
Professional services,Meath,22,no,217,H1 2026
Property,Meath,37,yes,152,H2 2025
Professional services,Louth,12,no,213,H2 2025
Property,Limerick,46,yes,62,H1 2026
Tourism and hospitality,Louth,5,yes,445,H1 2026
Health,Galway,60,no,-25,H2 2025
Public sector,Louth,38,no,74,H1 2026
Property,Louth,43,no,198,H1 2026
Professional services,Meath,31,no,110,H1 2026
Tourism and hospitality,Meath,50,yes,235,H1 2026
Professional services,Meath,21,yes,287,H1 2026
Retail and ecommerce,Louth,53,yes,-23,H1 2026
Financial services,Mayo,3,yes,312,H1 2026
Professional services,Louth,61,yes,-10,H2 2025
Public sector,Louth,42,yes,115,H1 2026
Health,Cork,36,yes,88,H1 2026
Health,Louth,31,yes,84,H2 2025
Financial services,Mayo,50,yes,210,H2 2025
Financial services,Kildare,25,yes,231,H2 2025
Retail and ecommerce,Mayo,56,yes,64,H2 2025
Property,Limerick,0,no,388,H1 2026
Retail and ecommerce,Meath,43,yes,142,H1 2026
Health,Limerick,33,yes,87,H2 2025
Professional services,Louth,55,yes,126,H2 2025
Health,Cork,31,yes,164,H1 2026
Professional services,Meath,39,no,240,H2 2025
Property,Limerick,26,no,219,H1 2026
Retail and ecommerce,Galway,55,no,1,H2 2025
Retail and ecommerce,Louth,-4,no,352,H1 2026
Property,Mayo,56,yes,120,H2 2025
Health,Louth,30,yes,149,H1 2026
Public sector,Louth,57,no,203,H2 2025
Financial services,Mayo,11,no,124,H1 2026
Professional services,Louth,56,yes,257,H2 2025
Property,Galway,9,no,336,H1 2026
Health,Kildare,48,yes,58,H2 2025
Retail and ecommerce,Mayo,9,no,372,H2 2025
Professional services,Louth,41,yes,127,H2 2025
Tourism and hospitality,Mayo,23,no,133,H2 2025
Public sector,Kildare,44,no,196,H1 2026
Retail and ecommerce,Kildare,25,yes,206,H1 2026
Retail and ecommerce,Limerick,39,no,136,H1 2026
Financial services,Louth,7,no,316,H1 2026
Financial services,Galway,56,yes,3,H1 2026
Property,Galway,-8,yes,299,H1 2026
Public sector,Cork,50,yes,59,H2 2025
Professional services,Limerick,32,yes,55,H2 2025
Financial services,Galway,48,no,159,H1 2026
Retail and ecommerce,Kildare,23,yes,100,H1 2026
Financial services,Galway,38,no,288,H1 2026
Professional services,Kildare,17,no,193,H1 2026
Retail and ecommerce,Limerick,53,yes,65,H1 2026
Public sector,Kildare,14,yes,298,H1 2026
Financial services,Louth,54,yes,-6,H2 2025
Tourism and hospitality,Meath,46,yes,104,H1 2026
Tourism and hospitality,Meath,39,no,99,H2 2025
Health,Meath,15,no,118,H2 2025
Property,Louth,42,no,281,H1 2026
Tourism and hospitality,Limerick,22,yes,223,H1 2026
Professional services,Louth,45,no,127,H1 2026
Health,Cork,9,yes,349,H2 2025
Property,Mayo,41,yes,69,H1 2026
Financial services,Louth,29,no,82,H2 2025
Financial services,Limerick,41,no,188,H1 2026
Health,Mayo,14,yes,58,H2 2025
Professional services,Cork,41,yes,302,H2 2025
Professional services,Galway,30,no,195,H1 2026
Public sector,Galway,51,yes,75,H2 2025
Professional services,Louth,-7,yes,348,H1 2026
Professional services,Galway,48,yes,-25,H1 2026
Retail and ecommerce,Limerick,34,no,125,H2 2025
Retail and ecommerce,Galway,56,yes,175,H1 2026
Professional services,Kildare,33,yes,95,H1 2026
Financial services,Cork,34,no,133,H1 2026
Tourism and hospitality,Mayo,22,no,334,H2 2025
Public sector,Louth,38,yes,104,H1 2026
Financial services,Galway,-2,no,342,H1 2026
Professional services,Meath,41,no,43,H1 2026
Health,Galway,29,yes,132,H1 2026
Professional services,Galway,40,no,68,H1 2026
Professional services,Limerick,29,no,127,H2 2025
Professional services,Louth,40,yes,293,H1 2026
Public sector,Kildare,12,yes,209,H2 2025
Professional services,Kildare,46,yes,0,H2 2025
Property,Kildare,15,no,294,H2 2025
Professional services,Mayo,60,no,86,H1 2026
Financial services,Galway,20,yes,60,H2 2025
Public sector,Louth,37,yes,103,H2 2025
Health,Kildare,17,yes,77,H1 2026
Professional services,Louth,52,no,239,H1 2026
Tourism and hospitality,Louth,28,yes,150,H2 2025
Professional services,Louth,45,yes,-3,H2 2025
Professional services,Limerick,0,no,307,H2 2025
Retail and ecommerce,Limerick,59,yes,-1,H1 2026
Tourism and hospitality,Louth,41,no,203,H1 2026
Property,Cork,61,no,197,H1 2026
Tourism and hospitality,Mayo,15,no,249,H2 2025
Tourism and hospitality,Louth,44,no,220,H2 2025
Retail and ecommerce,Limerick,18,no,158,H2 2025
Professional services,Meath,47,yes,43,H2 2025
Public sector,Mayo,-6,no,276,H1 2026
Health,Meath,59,no,-14,H2 2025
Financial services,Meath,29,no,179,H2 2025
Tourism and hospitality,Meath,60,yes,205,H1 2026
Property,Cork,14,yes,179,H2 2025
Health,Louth,33,yes,323,H1 2026
Property,Louth,28,no,301,H2 2025
Health,Galway,42,yes,18,H2 2025
Financial services,Mayo,11,yes,305,H2 2025
Health,Limerick,49,no,8,H2 2025
Professional services,Kildare,28,no,128,H1 2026
Professional services,Louth,46,no,202,H1 2026
Health,Louth,35,yes,222,H1 2026
Professional services,Galway,33,no,288,H2 2025
Health,Cork,14,no,196,H1 2026
Health,Limerick,37,no,-43,H2 2025
Public sector,Kildare,-3,yes,461,H2 2025
Professional services,Meath,57,no,73,H1 2026
Health,Mayo,28,yes,59,H2 2025
Property,Louth,35,no,150,H2 2025
Professional services,Meath,21,yes,80,H2 2025
Retail and ecommerce,Meath,43,yes,315,H2 2025
Public sector,Meath,8,no,196,H1 2026
Public sector,Galway,58,no,68,H1 2026
Tourism and hospitality,Meath,14,yes,330,H2 2025
Public sector,Mayo,59,no,102,H1 2026
Professional services,Louth,31,no,96,H2 2025
Tourism and hospitality,Louth,55,yes,134,H1 2026
Financial services,Louth,20,no,189,H2 2025
Public sector,Louth,38,yes,207,H2 2025
Professional services,Louth,8,yes,269,H2 2025
Tourism and hospitality,Cork,54,no,46,H2 2025
Professional services,Louth,6,no,342,H2 2025
Professional services,Mayo,46,no,132,H2 2025
Professional services,Limerick,31,yes,202,H1 2026
Public sector,Mayo,53,yes,80,H1 2026
Health,Louth,33,yes,90,H1 2026
Retail and ecommerce,Cork,48,no,215,H2 2025
Property,Mayo,30,yes,228,H2 2025
Public sector,Limerick,46,no,96,H1 2026
Professional services,Cork,1,no,456,H2 2025
Public sector,Cork,40,yes,-26,H2 2025
Professional services,Meath,30,yes,70,H2 2025
Professional services,Cork,54,yes,64,H2 2025
Public sector,Limerick,22,no,226,H1 2026
Professional services,Kildare,40,yes,190,H1 2026
Professional services,Kildare,22,no,346,H2 2025
Financial services,Cork,47,yes,128,H2 2025
Professional services,Louth,-6,yes,425,H1 2026
Health,Mayo,54,yes,92,H1 2026
Retail and ecommerce,Cork,26,yes,170,H1 2026
Property,Louth,36,no,149,H2 2025
Professional services,Louth,13,no,76,H2 2025
Professional services,Louth,40,no,247,H1 2026
Retail and ecommerce,Mayo,10,yes,305,H1 2026
Professional services,Galway,56,yes,88,H2 2025
Property,Galway,15,yes,406,H2 2025
Public sector,Meath,44,no,139,H2 2025
Public sector,Kildare,27,yes,101,H1 2026
Property,Mayo,46,no,110,H1 2026
Financial services,Cork,16,no,243,H1 2026
Property,Limerick,35,no,296,H2 2025
Retail and ecommerce,Mayo,12,no,276,H2 2025
Health,Louth,50,yes,115,H1 2026
Property,Louth,-5,no,302,H1 2026
Tourism and hospitality,Limerick,60,no,-3,H2 2025
Professional services,Louth,37,no,88,H1 2026
Property,Louth,48,yes,168,H1 2026
Professional services,Galway,26,no,99,H2 2025
Professional services,Kildare,51,no,161,H2 2025
Tourism and hospitality,Louth,25,no,264,H2 2025
Tourism and hospitality,Louth,42,yes,18,H2 2025
Retail and ecommerce,Louth,14,yes,353,H2 2025
Property,Louth,49,no,15,H2 2025
Professional services,Cork,32,yes,142,H2 2025
Tourism and hospitality,Louth,43,no,179,H2 2025
Professional services,Louth,29,yes,172,H1 2026
Professional services,Kildare,36,no,190,H1 2026
Professional services,Mayo,31,yes,311,H1 2026
Tourism and hospitality,Louth,48,no,41,H2 2025
Professional services,Limerick,3,yes,428,H1 2026
Property,Cork,57,yes,129,H1 2026
Public sector,Meath,43,yes,116,H2 2025
Financial services,Limerick,39,yes,183,H2 2025
Health,Cork,10,no,227,H1 2026
Property,Kildare,40,no,158,H1 2026
Financial services,Galway,26,no,222,H1 2026
Health,Louth,35,no,48,H1 2026
Professional services,Cork,12,no,420,H1 2026
Financial services,Louth,58,no,130,H1 2026
Tourism and hospitality,Louth,28,yes,186,H1 2026
Professional services,Meath,52,no,102,H2 2025
Health,Louth,26,yes,182,H1 2026
Professional services,Mayo,46,yes,310,H2 2025
Health,Cork,4,no,260,H1 2026
Retail and ecommerce,Kildare,57,yes,-48,H1 2026
Public sector,Limerick,12,yes,315,H1 2026
Public sector,Mayo,59,yes,111,H2 2025
Retail and ecommerce,Galway,27,yes,24,H1 2026
Public sector,Mayo,42,no,244,H2 2025
Property,Meath,19,no,209,H1 2026
Professional services,Galway,39,no,289,H1 2026
Professional services,Meath,28,no,205,H1 2026
Health,Mayo,53,yes,127,H1 2026
Property,Cork,-8,yes,422,H1 2026
Public sector,Kildare,56,yes,157,H2 2025
Professional services,Louth,42,yes,112,H1 2026
Health,Louth,58,no,236,H1 2026
Tourism and hospitality,Louth,10,no,110,H1 2026
Professional services,Cork,38,no,314,H1 2026
Property,Mayo,27,no,261,H1 2026
Professional services,Louth,40,yes,1,H2 2025
Tourism and hospitality,Limerick,1,no,331,H1 2026
Property,Cork,55,no,30,H2 2025
Professional services,Louth,40,yes,34,H1 2026
Property,Mayo,45,no,259,H1 2026
Retail and ecommerce,Mayo,24,no,67,H1 2026
Retail and ecommerce,Limerick,56,yes,180,H2 2025
Tourism and hospitality,Limerick,12,no,154,H1 2026
Professional services,Cork,39,yes,45,H1 2026
Health,Galway,-5,yes,454,H1 2026
Tourism and hospitality,Meath,46,yes,76,H1 2026
Health,Louth,31,no,42,H1 2026
Professional services,Mayo,53,no,83,H1 2026
Professional services,Kildare,18,yes,83,H2 2025
Public sector,Cork,48,no,305,H2 2025
Financial services,Mayo,5,no,233,H1 2026
Health,Louth,38,yes,-25,H2 2025
Professional services,Meath,-1,no,466,H2 2025
Professional services,Cork,58,yes,60,H2 2025
Professional services,Louth,29,yes,73,H2 2025
Property,Louth,45,no,258,H2 2025
Retail and ecommerce,Limerick,12,no,162,H2 2025
Professional services,Meath,58,yes,226,H1 2026
Professional services,Mayo,25,no,227,H1 2026
Property,Meath,50,yes,28,H1 2026
Financial services,Galway,-4,no,335,H2 2025
Tourism and hospitality,Louth,52,no,131,H2 2025
Professional services,Limerick,27,no,173,H1 2026
Health,Louth,51,no,67,H2 2025
Tourism and hospitality,Kildare,18,no,125,H1 2026
Professional services,Louth,56,no,254,H1 2026
Property,Mayo,10,yes,268,H2 2025
Public sector,Kildare,44,yes,117,H1 2026
Professional services,Limerick,-4,yes,347,H2 2025
Health,Galway,59,no,74,H2 2025
Public sector,Louth,19,yes,30,H1 2026
Professional services,Meath,57,yes,246,H1 2026
Professional services,Limerick,23,no,242,H2 2025
Tourism and hospitality,Limerick,37,yes,285,H2 2025
Health,Louth,12,no,313,H1 2026
Professional services,Cork,30,yes,-28,H1 2026
Public sector,Louth,-8,no,441,H2 2025
Property,Limerick,41,yes,42,H2 2025
Professional services,Cork,25,no,204,H1 2026
Health,Meath,51,no,207,H2 2025
Professional services,Kildare,29,no,225,H1 2026
Property,Cork,36,yes,268,H2 2025
Professional services,Limerick,21,no,185,H1 2026
Public sector,Meath,45,no,73,H2 2025
Property,Louth,4,yes,300,H2 2025
Retail and ecommerce,Louth,35,no,-8,H2 2025
Tourism and hospitality,Kildare,46,yes,211,H1 2026
Retail and ecommerce,Galway,52,no,105,H1 2026
Professional services,Galway,29,yes,57,H2 2025
Financial services,Meath,36,yes,300,H1 2026
Tourism and hospitality,Cork,24,yes,328,H2 2025
Retail and ecommerce,Meath,43,yes,34,H2 2025
Professional services,Cork,5,yes,285,H2 2025
Public sector,Galway,40,yes,65,H1 2026
Health,Mayo,22,no,72,H2 2025
Financial services,Louth,41,yes,219,H2 2025
Professional services,Louth,23,no,122,H2 2025
Professional services,Louth,37,no,135,H1 2026
Professional services,Kildare,26,no,242,H1 2026
Health,Galway,37,yes,8,H2 2025
Financial services,Galway,1,no,463,H1 2026
Public sector,Cork,56,no,136,H2 2025
Property,Meath,36,no,42,H1 2026
Retail and ecommerce,Louth,58,yes,74,H2 2025
Property,Limerick,29,no,60,H1 2026
Financial services,Limerick,57,no,133,H2 2025
Health,Mayo,25,yes,307,H2 2025
Professional services,Galway,57,yes,-17,H1 2026
Property,Cork,9,yes,431,H1 2026
Tourism and hospitality,Meath,51,no,-24,H2 2025
Professional services,Galway,36,yes,52,H1 2026
Professional services,Louth,35,no,177,H1 2026
Retail and ecommerce,Mayo,29,yes,217,H2 2025
Property,Louth,36,no,285,H1 2026
Financial services,Louth,28,no,285,H1 2026
Retail and ecommerce,Mayo,56,no,-60,H1 2026
Professional services,Galway,12,no,273,H1 2026
Professional services,Mayo,46,no,-11,H1 2026
Professional services,Kildare,29,no,211,H2 2025
Financial services,Cork,47,no,109,H2 2025
Property,Louth,30,no,238,H2 2025
Professional services,Meath,51,no,131,H1 2026
Tourism and hospitality,Meath,22,no,232,H1 2026
Tourism and hospitality,Kildare,51,no,59,H1 2026
Tourism and hospitality,Limerick,10,no,322,H2 2025
Professional services,Cork,56,yes,49,H1 2026
Tourism and hospitality,Galway,33,no,173,H2 2025
Financial services,Meath,46,yes,83,H1 2026
Professional services,Galway,9,yes,153,H2 2025
Tourism and hospitality,Meath,55,no,305,H1 2026
Tourism and hospitality,Meath,23,yes,318,H1 2026
Property,Louth,57,no,127,H1 2026
Professional services,Kildare,8,yes,333,H2 2025
Professional services,Kildare,56,yes,71,H2 2025
Property,Louth,45,no,103,H2 2025
Health,Louth,38,yes,92,H2 2025
Tourism and hospitality,Louth,24,yes,86,H1 2026
Professional services,Meath,54,no,160,H2 2025
Property,Louth,8,no,311,H2 2025
Tourism and hospitality,Louth,46,yes,120,H1 2026
Tourism and hospitality,Louth,-9,yes,270,H1 2026
Tourism and hospitality,Cork,53,yes,-2,H2 2025
Property,Limerick,24,yes,151,H2 2025
Professional services,Galway,49,yes,96,H2 2025
Tourism and hospitality,Kildare,34,yes,69,H2 2025
Financial services,Louth,52,no,312,H1 2026
Financial services,Limerick,8,no,281,H1 2026
Professional services,Galway,56,yes,23,H2 2025
Financial services,Mayo,0,no,367,H1 2026
Professional services,Galway,45,yes,-7,H2 2025
Financial services,Louth,38,no,96,H1 2026
Retail and ecommerce,Kildare,58,yes,157,H1 2026
Professional services,Galway,31,yes,77,H1 2026
Financial services,Meath,37,yes,231,H1 2026
Public sector,Galway,16,no,188,H1 2026
Property,Mayo,41,no,115,H2 2025
Professional services,Louth,7,yes,322,H2 2025
Retail and ecommerce,Galway,45,yes,127,H2 2025
Health,Limerick,36,no,161,H1 2026
Public sector,Meath,45,yes,107,H1 2026
Retail and ecommerce,Mayo,34,yes,211,H2 2025
Financial services,Meath,58,no,212,H2 2025
Retail and ecommerce,Mayo,10,no,317,H1 2026
Professional services,Galway,48,yes,44,H2 2025
Retail and ecommerce,Louth,-11,no,418,H2 2025
Financial services,Galway,41,no,151,H1 2026
Health,Cork,21,yes,182,H2 2025
Financial services,Louth,46,no,199,H1 2026
Professional services,Louth,21,yes,93,H2 2025
Retail and ecommerce,Cork,49,no,299,H2 2025
Public sector,Cork,13,no,259,H2 2025
Professional services,Mayo,36,no,-1,H2 2025
Financial services,Limerick,-6,yes,290,H1 2026
Health,Meath,60,yes,111,H1 2026
Health,Meath,41,no,112,H1 2026
Professional services,Meath,38,no,119,H1 2026
Professional services,Louth,21,yes,235,H2 2025
Retail and ecommerce,Louth,42,no,142,H1 2026
Professional services,Kildare,24,no,287,H1 2026
Professional services,Cork,56,yes,-6,H2 2025
Financial services,Louth,-8,yes,397,H2 2025
Professional services,Limerick,52,no,52,H1 2026
Health,Kildare,31,yes,87,H1 2026
Property,Meath,54,no,152,H2 2025
Property,Mayo,26,no,71,H2 2025
Tourism and hospitality,Louth,33,no,278,H2 2025
Financial services,Kildare,21,no,274,H1 2026
Health,Galway,42,no,-61,H1 2026
Public sector,Louth,5,yes,429,H1 2026
Retail and ecommerce,Louth,42,no,71,H2 2025
Health,Louth,34,no,203,H1 2026
Public sector,Cork,47,no,149,H1 2026
Property,Galway,32,no,237,H1 2026
Retail and ecommerce,Mayo,39,no,134,H2 2025
Financial services,Kildare,19,yes,247,H2 2025
Retail and ecommerce,Louth,40,no,115,H1 2026
Tourism and hospitality,Cork,-5,no,317,H1 2026
Tourism and hospitality,Louth,34,yes,22,H1 2026
Health,Kildare,44,yes,104,H2 2025
Financial services,Cork,49,no,108,H1 2026
Health,Mayo,11,yes,180,H2 2025
Property,Galway,45,yes,132,H1 2026
Professional services,Mayo,31,yes,312,H2 2025
Public sector,Meath,52,no,42,H2 2025
Property,Limerick,3,no,270,H2 2025
Property,Mayo,52,no,40,H2 2025
Professional services,Cork,38,no,195,H2 2025
Public sector,Cork,40,no,213,H1 2026
Professional services,Kildare,16,yes,190,H1 2026
Financial services,Kildare,42,yes,149,H2 2025
Professional services,Kildare,5,yes,198,H1 2026
Property,Galway,37,yes,77,H1 2026
Property,Louth,-10,no,342,H2 2025
Public sector,Galway,50,yes,39,H1 2026
Public sector,Limerick,40,no,113,H1 2026
Tourism and hospitality,Cork,53,yes,150,H2 2025
Professional services,Meath,17,yes,114,H1 2026
Property,Cork,36,yes,183,H2 2025
Professional services,Galway,30,no,306,H1 2026
Tourism and hospitality,Louth,38,no,52,H1 2026
Health,Kildare,5,no,324,H1 2026
Tourism and hospitality,Galway,40,no,-3,H2 2025
Professional services,Galway,43,yes,64,H2 2025
Tourism and hospitality,Mayo,49,yes,246,H1 2026
Financial services,Mayo,10,no,128,H1 2026
Retail and ecommerce,Louth,56,no,141,H2 2025
Health,Mayo,7,yes,209,H1 2026
Property,Mayo,34,yes,10,H2 2025
Professional services,Meath,-11,yes,454,H2 2025
Tourism and hospitality,Galway,52,yes,157,H2 2025
Property,Kildare,37,yes,99,H1 2026
Property,Mayo,48,yes,112,H2 2025
Public sector,Kildare,12,yes,134,H1 2026
Retail and ecommerce,Galway,58,yes,305,H1 2026
Professional services,Mayo,13,yes,329,H2 2025
Financial services,Galway,32,no,32,H1 2026
Public sector,Louth,-2,no,411,H2 2025
Public sector,Meath,52,yes,43,H2 2025
Financial services,Louth,39,no,219,H2 2025
Professional services,Kildare,61,yes,212,H1 2026
Public sector,Cork,15,no,139,H1 2026
Health,Louth,47,no,297,H2 2025
Health,Louth,26,no,318,H2 2025
Financial services,Meath,48,yes,23,H1 2026
Financial services,Mayo,-11,yes,421,H1 2026
Health,Meath,36,no,-24,H1 2026
Financial services,Kildare,26,yes,189,H2 2025
Retail and ecommerce,Mayo,42,no,175,H1 2026
Property,Kildare,16,yes,211,H1 2026
Tourism and hospitality,Limerick,49,no,186,H1 2026
Professional services,Louth,28,yes,196,H1 2026
Property,Cork,32,no,103,H1 2026
Financial services,Louth,6,yes,391,H1 2026
Health,Louth,60,yes,-30,H1 2026
Financial services,Galway,22,no,142,H2 2025
Public sector,Cork,59,yes,172,H2 2025
Health,Kildare,35,yes,141,H2 2025
Public sector,Cork,39,yes,181,H1 2026
Professional services,Kildare,31,no,173,H1 2026
Retail and ecommerce,Mayo,52,yes,-46,H2 2025
Tourism and hospitality,Louth,4,no,299,H2 2025
Professional services,Meath,45,yes,129,H2 2025
Financial services,Louth,26,no,180,H2 2025
Public sector,Galway,50,no,168,H2 2025
Professional services,Cork,30,yes,235,H2 2025
Property,Mayo,39,no,276,H1 2026
Property,Limerick,31,yes,282,H1 2026
Health,Meath,48,yes,94,H1 2026
Tourism and hospitality,Cork,7,yes,435,H1 2026
Public sector,Meath,57,yes,143,H2 2025
Professional services,Louth,24,no,88,H2 2025
Professional services,Meath,52,no,254,H1 2026
Financial services,Louth,22,no,149,H1 2026
Financial services,Louth,35,no,216,H2 2025
Professional services,Galway,17,no,315,H2 2025
Financial services,Kildare,46,yes,77,H1 2026
Retail and ecommerce,Kildare,-2,yes,375,H1 2026
Property,Meath,33,no,13,H1 2026
Tourism and hospitality,Mayo,28,no,130,H1 2026
Financial services,Galway,57,no,150,H1 2026
Public sector,Kildare,20,no,143,H2 2025
Public sector,Galway,59,no,128,H1 2026
Health,Kildare,12,yes,182,H1 2026
Professional services,Cork,37,yes,102,H1 2026
Professional services,Limerick,11,yes,317,H1 2026
Health,Louth,46,no,-32,H1 2026
Financial services,Louth,33,no,188,H1 2026
Health,Louth,50,no,81,H2 2025
Financial services,Galway,19,no,180,H1 2026
Financial services,Cork,51,no,284,H1 2026
Professional services,Mayo,22,no,197,H2 2025
Retail and ecommerce,Cork,57,yes,36,H2 2025
Financial services,Louth,3,yes,298,H2 2025
Retail and ecommerce,Cork,34,yes,113,H2 2025
Tourism and hospitality,Galway,41,no,27,H2 2025
Professional services,Limerick,58,yes,142,H2 2025
Property,Cork,10,no,227,H1 2026
Professional services,Limerick,57,no,221,H1 2026
Retail and ecommerce,Mayo,24,yes,335,H1 2026
Health,Galway,49,no,111,H2 2025
Tourism and hospitality,Kildare,12,no,379,H2 2025
Property,Louth,57,yes,69,H1 2026
Property,Kildare,46,no,53,H1 2026
Tourism and hospitality,Limerick,48,no,105,H2 2025
Financial services,Limerick,20,yes,115,H2 2025
Property,Galway,40,no,168,H2 2025
Property,Louth,26,no,256,H2 2025
Financial services,Louth,30,no,37,H1 2026
Retail and ecommerce,Louth,9,no,270,H1 2026
Tourism and hospitality,Louth,53,yes,42,H1 2026
Financial services,Galway,47,yes,50,H2 2025
Property,Limerick,38,yes,195,H2 2025
Tourism and hospitality,Cork,13,yes,80,H2 2025
Professional services,Louth,45,no,203,H2 2025
Professional services,Mayo,26,yes,153,H2 2025
Professional services,Cork,39,no,120,H1 2026
Health,Kildare,4,no,291,H1 2026
Public sector,Kildare,41,yes,86,H2 2025
Financial services,Mayo,30,yes,93,H1 2026
Retail and ecommerce,Mayo,38,no,235,H1 2026
Public sector,Galway,9,no,236,H1 2026
Property,Louth,45,yes,153,H1 2026
Tourism and hospitality,Cork,31,no,159,H1 2026
Public sector,Galway,48,yes,-21,H1 2026
Professional services,Cork,13,no,286,H2 2025
Public sector,Louth,48,yes,42,H2 2025
Professional services,Meath,46,no,30,H1 2026
Health,Kildare,35,yes,198,H1 2026
Professional services,Kildare,34,yes,187,H1 2026
Retail and ecommerce,Louth,60,yes,276,H1 2026
Public sector,Louth,19,no,172,H1 2026
Retail and ecommerce,Galway,36,yes,59,H1 2026
Health,Galway,-5,yes,355,H2 2025
Tourism and hospitality,Limerick,36,yes,-30,H1 2026
Professional services,Kildare,40,no,174,H1 2026
Property,Kildare,50,no,229,H2 2025
Public sector,Kildare,17,no,56,H1 2026
Health,Mayo,47,yes,172,H2 2025
Property,Mayo,13,yes,314,H1 2026
Property,Louth,41,no,92,H1 2026
Health,Cork,15,yes,391,H2 2025
Professional services,Meath,36,no,65,H2 2025
Retail and ecommerce,Galway,30,yes,28,H1 2026
Professional services,Galway,42,no,259,H2 2025
Tourism and hospitality,Galway,29,yes,151,H1 2026
Property,Limerick,44,yes,268,H1 2026
Health,Galway,12,yes,306,H1 2026
Tourism and hospitality,Limerick,50,yes,29,H1 2026
Property,Kildare,-9,yes,452,H1 2026
Health,Limerick,55,no,84,H1 2026
Retail and ecommerce,Cork,42,yes,33,H2 2025
Tourism and hospitality,Galway,39,no,170,H1 2026
Financial services,Limerick,11,no,112,H2 2025
Retail and ecommerce,Louth,53,no,189,H2 2025
Public sector,Mayo,18,no,308,H2 2025
Property,Limerick,52,yes,-42,H1 2026
Professional services,Kildare,15,no,315,H1 2026
Professional services,Limerick,47,no,53,H2 2025
Retail and ecommerce,Limerick,38,no,207,H1 2026
Financial services,Kildare,62,no,75,H1 2026
Property,Louth,12,no,62,H2 2025
Financial services,Cork,37,yes,231,H2 2025
Public sector,Kildare,11,yes,153,H1 2026
Professional services,Mayo,57,yes,56,H1 2026
Tourism and hospitality,Louth,-7,yes,380,H2 2025
Retail and ecommerce,Louth,44,yes,-23,H1 2026
Professional services,Cork,38,no,116,H2 2025
Tourism and hospitality,Galway,36,yes,240,H1 2026
Retail and ecommerce,Louth,30,no,191,H2 2025
Health,Galway,41,no,134,H1 2026
Health,Galway,19,no,325,H1 2026
Financial services,Limerick,46,no,-17,H1 2026
Tourism and hospitality,Kildare,12,no,465,H2 2025
Financial services,Louth,56,yes,84,H2 2025
Retail and ecommerce,Meath,25,no,52,H1 2026
Professional services,Meath,54,no,230,H1 2026
Property,Louth,19,no,163,H1 2026
Health,Cork,39,no,297,H2 2025
Professional services,Louth,16,yes,342,H2 2025
Retail and ecommerce,Galway,34,no,75,H2 2025
Professional services,Cork,-1,yes,459,H1 2026
Financial services,Meath,35,no,55,H2 2025
Financial services,Louth,24,yes,130,H1 2026
Financial services,Louth,54,yes,153,H1 2026
Tourism and hospitality,Louth,35,no,66,H2 2025
Property,Cork,44,no,159,H2 2025
Health,Mayo,6,yes,216,H2 2025
Tourism and hospitality,Louth,45,yes,-23,H1 2026
Public sector,Louth,4,no,309,H2 2025
Retail and ecommerce,Meath,52,yes,67,H1 2026
Health,Meath,31,no,98,H1 2026
Financial services,Louth,59,no,108,H1 2026
Retail and ecommerce,Mayo,22,yes,181,H2 2025
Property,Louth,56,no,133,H2 2025
Public sector,Kildare,6,yes,307,H1 2026
Retail and ecommerce,Mayo,34,no,-31,H1 2026
Property,Limerick,-8,yes,280,H2 2025
Retail and ecommerce,Louth,47,yes,130,H2 2025
Financial services,Cork,26,yes,149,H1 2026
Professional services,Louth,40,yes,136,H1 2026
Health,Mayo,21,no,242,H2 2025
Public sector,Meath,42,yes,247,H2 2025
Retail and ecommerce,Galway,6,yes,173,H1 2026
Tourism and hospitality,Louth,46,yes,104,H2 2025
Tourism and hospitality,Meath,-5,yes,443,H2 2025
Property,Limerick,57,no,149,H1 2026
Retail and ecommerce,Limerick,21,yes,110,H2 2025
Professional services,Meath,45,yes,209,H2 2025
Tourism and hospitality,Kildare,20,yes,132,H1 2026
Health,Louth,53,yes,179,H2 2025
Public sector,Mayo,26,no,155,H1 2026
Tourism and hospitality,Meath,36,no,11,H1 2026
Public sector,Mayo,10,yes,433,H2 2025
Tourism and hospitality,Cork,36,no,89,H2 2025
Professional services,Louth,19,no,103,H2 2025
Tourism and hospitality,Louth,49,yes,205,H1 2026
Public sector,Kildare,23,yes,182,H2 2025
Property,Meath,41,no,303,H2 2025
Public sector,Kildare,17,no,312,H2 2025
Property,Mayo,48,no,38,H2 2025
Professional services,Louth,-9,yes,337,H1 2026
Professional services,Kildare,55,no,-30,H1 2026
Tourism and hospitality,Limerick,34,no,95,H2 2025
Financial services,Mayo,48,yes,135,H1 2026
Financial services,Cork,30,no,233,H1 2026
Professional services,Limerick,44,yes,179,H1 2026
Property,Louth,10,yes,285,H1 2026
Property,Mayo,38,no,110,H2 2025
Tourism and hospitality,Kildare,-4,no,462,H2 2025
Tourism and hospitality,Galway,38,no,15,H2 2025
Public sector,Louth,29,no,53,H2 2025
Retail and ecommerce,Louth,35,yes,203,H2 2025
Health,Galway,21,yes,140,H1 2026
Property,Louth,48,yes,209,H1 2026
Professional services,Cork,24,yes,243,H2 2025
Professional services,Louth,53,yes,126,H2 2025
Tourism and hospitality,Louth,9,yes,344,H2 2025
Retail and ecommerce,Galway,50,no,-21,H2 2025
Professional services,Kildare,33,yes,213,H2 2025
Health,Kildare,49,no,97,H2 2025
Health,Louth,28,yes,147,H2 2025
Professional services,Cork,34,yes,317,H2 2025
Financial services,Meath,23,yes,299,H1 2026
Public sector,Louth,54,yes,67,H1 2026
Tourism and hospitality,Limerick,1,yes,321,H2 2025
Professional services,Limerick,34,no,-5,H1 2026
Financial services,Louth,38,no,62,H1 2026
Health,Galway,48,yes,194,H2 2025
Financial services,Cork,22,yes,247,H1 2026
Tourism and hospitality,Kildare,45,yes,243,H1 2026
Professional services,Meath,21,no,304,H1 2026
Tourism and hospitality,Louth,50,no,58,H1 2026
Retail and ecommerce,Limerick,10,no,341,H2 2025
Tourism and hospitality,Louth,44,no,-36,H1 2026
Health,Mayo,38,yes,23,H1 2026
Health,Galway,53,no,132,H2 2025
Health,Louth,35,no,115,H1 2026
Public sector,Louth,40,no,212,H2 2025
Professional services,Kildare,30,yes,168,H2 2025
Property,Louth,49,no,-1,H2 2025
Property,Limerick,11,yes,354,H1 2026
Property,Mayo,55,no,67,H1 2026
Tourism and hospitality,Galway,29,yes,79,H2 2025
Health,Cork,42,yes,83,H1 2026
Public sector,Louth,19,no,197,H2 2025
Public sector,Limerick,40,no,177,H2 2025
Professional services,Mayo,14,yes,160,H2 2025
Property,Louth,48,no,-13,H2 2025
Health,Galway,3,no,417,H1 2026
Public sector,Galway,52,yes,132,H2 2025
Professional services,Kildare,41,yes,96,H1 2026
Property,Kildare,40,yes,116,H2 2025
Property,Meath,31,no,124,H2 2025
Retail and ecommerce,Louth,51,no,203,H2 2025
Tourism and hospitality,Louth,17,no,255,H2 2025
Public sector,Limerick,46,no,-5,H1 2026
Retail and ecommerce,Mayo,-7,no,375,H1 2026
Health,Louth,41,yes,126,H1 2026
Professional services,Meath,42,no,137,H1 2026
Property,Cork,54,no,188,H1 2026
Tourism and hospitality,Meath,35,no,160,H2 2025
Tourism and hospitality,Galway,36,yes,148,H1 2026
Professional services,Mayo,18,no,273,H2 2025
Public sector,Kildare,49,no,97,H2 2025
Retail and ecommerce,Cork,7,no,408,H1 2026
Retail and ecommerce,Meath,35,yes,126,H1 2026
Tourism and hospitality,Louth,42,yes,90,H2 2025
Professional services,Meath,37,no,149,H1 2026
Professional services,Limerick,28,no,127,H2 2025
Professional services,Louth,41,no,304,H1 2026
Health,Louth,11,no,291,H1 2026
Tourism and hospitality,Louth,46,no,27,H1 2026
Retail and ecommerce,Louth,-2,yes,376,H2 2025
Professional services,Kildare,38,yes,7,H1 2026
Tourism and hospitality,Meath,43,no,131,H1 2026
Tourism and hospitality,Cork,48,no,136,H2 2025
Financial services,Kildare,9,yes,249,H2 2025
Professional services,Kildare,55,yes,306,H2 2025
Public sector,Kildare,16,no,243,H1 2026
Tourism and hospitality,Louth,37,yes,64,H2 2025
Professional services,Limerick,-3,no,422,H2 2025
Retail and ecommerce,Mayo,49,yes,73,H1 2026
Public sector,Limerick,23,no,179,H1 2026
Professional services,Louth,51,yes,156,H2 2025
Professional services,Mayo,15,no,244,H1 2026
Financial services,Louth,36,yes,232,H1 2026
Public sector,Cork,19,yes,151,H2 2025
Health,Louth,31,no,17,H2 2025
Property,Louth,-9,yes,377,H1 2026
Public sector,Meath,37,no,130,H1 2026
Property,Louth,40,yes,154,H1 2026
Property,Louth,37,no,215,H2 2025
Professional services,Cork,10,yes,63,H1 2026
Retail and ecommerce,Galway,57,no,321,H1 2026
Professional services,Limerick,21,no,177,H2 2025
Property,Kildare,35,no,-50,H2 2025
Professional services,Meath,-10,yes,454,H2 2025
Professional services,Meath,56,yes,65,H2 2025
Financial services,Louth,28,yes,42,H2 2025
Retail and ecommerce,Kildare,38,yes,198,H1 2026
Property,Mayo,20,yes,116,H1 2026
Tourism and hospitality,Meath,49,yes,271,H2 2025
Health,Meath,30,no,266,H2 2025
Health,Kildare,35,yes,58,H2 2025
Financial services,Limerick,14,no,284,H1 2026
Property,Louth,58,no,43,H1 2026
Tourism and hospitality,Galway,28,no,114,H2 2025
Professional services,Cork,36,yes,76,H1 2026
Retail and ecommerce,Mayo,33,yes,102,H2 2025
Tourism and hospitality,Mayo,38,no,269,H1 2026
Financial services,Kildare,27,yes,187,H1 2026
Property,Kildare,40,yes,124,H1 2026
Professional services,Kildare,6,no,429,H2 2025
Tourism and hospitality,Meath,43,no,9,H1 2026
Retail and ecommerce,Limerick,41,yes,86,H2 2025
Retail and ecommerce,Cork,55,yes,109,H1 2026
Property,Limerick,14,yes,131,H1 2026
Tourism and hospitality,Cork,37,yes,209,H2 2025
Professional services,Limerick,27,no,159,H2 2025
Professional services,Cork,35,no,46,H2 2025
Health,Louth,12,no,424,H1 2026
Professional services,Mayo,59,no,108,H1 2026
Property,Cork,25,yes,55,H2 2025
Professional services,Cork,40,no,124,H1 2026
Professional services,Mayo,23,no,84,H1 2026
Retail and ecommerce,Limerick,52,yes,199,H2 2025
Property,Mayo,6,yes,225,H2 2025
Tourism and hospitality,Galway,53,no,76,H2 2025
Property,Mayo,4,no,271,H2 2025
Retail and ecommerce,Cork,42,yes,154,H1 2026
Professional services,Louth,23,no,131,H2 2025
Professional services,Meath,39,yes,213,H1 2026
Financial services,Louth,10,yes,199,H1 2026
Professional services,Kildare,56,yes,150,H1 2026
Property,Mayo,23,no,202,H2 2025
Public sector,Mayo,40,yes,-60,H2 2025
Financial services,Cork,-5,no,356,H2 2025
Property,Louth,34,no,8,H2 2025
Financial services,Cork,29,no,174,H2 2025
Tourism and hospitality,Galway,56,yes,206,H1 2026
Professional services,Galway,17,no,248,H1 2026
Property,Galway,48,no,316,H2 2025
Property,Galway,14,no,303,H1 2026
Professional services,Kildare,50,yes,109,H2 2025
Tourism and hospitality,Louth,12,no,403,H2 2025
Retail and ecommerce,Galway,60,yes,50,H2 2025
Property,Cork,20,no,83,H2 2025
Property,Mayo,38,yes,154,H1 2026
Health,Mayo,28,yes,227,H2 2025
Tourism and hospitality,Louth,34,no,137,H1 2026
Professional services,Louth,16,no,174,H1 2026
Public sector,Meath,57,yes,92,H1 2026
Tourism and hospitality,Louth,-11,no,285,H1 2026
Property,Limerick,58,yes,35,H1 2026
Property,Louth,37,yes,189,H1 2026
Public sector,Meath,61,yes,96,H2 2025
Financial services,Galway,15,yes,88,H2 2025
Health,Galway,55,yes,281,H2 2025
Health,Louth,17,yes,249,H1 2026
Retail and ecommerce,Louth,53,yes,-12,H2 2025
Health,Mayo,11,yes,328,H1 2026
Professional services,Cork,44,no,-32,H1 2026
Retail and ecommerce,Mayo,40,yes,160,H1 2026
Retail and ecommerce,Cork,42,no,106,H1 2026
Professional services,Kildare,19,no,202,H2 2025
Property,Kildare,38,yes,251,H1 2026
Public sector,Louth,18,yes,204,H2 2025
Property,Louth,39,no,3,H2 2025
Financial services,Limerick,-9,yes,312,H2 2025
Retail and ecommerce,Limerick,55,yes,-23,H1 2026
Retail and ecommerce,Kildare,22,no,116,H1 2026
Tourism and hospitality,Mayo,48,yes,117,H1 2026
Tourism and hospitality,Galway,10,no,111,H1 2026
Health,Kildare,41,yes,151,H1 2026
Professional services,Kildare,24,yes,342,H1 2026
Property,Limerick,42,no,123,H1 2026
Tourism and hospitality,Limerick,-2,no,453,H1 2026
Tourism and hospitality,Cork,45,yes,125,H1 2026
Professional services,Louth,33,no,153,H1 2026
Retail and ecommerce,Mayo,46,yes,188,H2 2025
Financial services,Louth,35,no,250,H2 2025
Professional services,Limerick,56,no,132,H2 2025
Financial services,Cork,25,yes,217,H2 2025
Retail and ecommerce,Galway,47,yes,94,H1 2026
Property,Louth,4,no,300,H1 2026
Professional services,Louth,39,no,16,H2 2025
Property,Louth,33,no,164,H2 2025
Financial services,Cork,59,yes,142,H2 2025
Financial services,Cork,28,no,105,H1 2026
Professional services,Mayo,41,no,142,H1 2026
Professional services,Galway,6,no,180,H1 2026
Public sector,Limerick,48,no,56,H1 2026
Financial services,Kildare,14,yes,425,H2 2025
Retail and ecommerce,Limerick,34,no,73,H2 2025
Property,Louth,38,no,217,H2 2025
Retail and ecommerce,Mayo,35,no,115,H2 2025
Public sector,Limerick,34,yes,165,H2 2025
Professional services,Louth,37,yes,162,H2 2025
Tourism and hospitality,Galway,31,no,203,H2 2025
Financial services,Louth,30,no,-32,H2 2025
Health,Kildare,-10,no,353,H2 2025
Professional services,Meath,51,yes,121,H1 2026
Financial services,Cork,34,yes,67,H2 2025
Financial services,Meath,40,yes,235,H1 2026
Financial services,Mayo,35,no,146,H2 2025
Property,Louth,58,yes,233,H1 2026
Professional services,Cork,17,no,347,H1 2026
Financial services,Mayo,50,yes,21,H2 2025
Public sector,Mayo,14,yes,324,H1 2026
Property,Louth,54,yes,142,H2 2025
Tourism and hospitality,Louth,44,no,191,H1 2026
Professional services,Cork,36,yes,224,H1 2026
Health,Cork,29,no,166,H2 2025
Professional services,Limerick,57,no,249,H1 2026
Tourism and hospitality,Limerick,12,no,256,H2 2025
Property,Louth,46,no,40,H1 2026
Professional services,Mayo,10,no,450,H1 2026
Professional services,Louth,42,no,-1,H1 2026
Health,Mayo,30,no,193,H1 2026
Financial services,Galway,60,no,257,H1 2026
Financial services,Galway,10,yes,246,H1 2026
Professional services,Cork,35,yes,266,H2 2025
Professional services,Mayo,14,no,262,H2 2025
Health,Louth,52,no,104,H2 2025
Health,Cork,-10,no,404,H2 2025
Financial services,Louth,39,yes,127,H1 2026
Financial services,Louth,22,yes,132,H2 2025
Public sector,Galway,45,yes,196,H1 2026
Public sector,Galway,24,yes,192,H1 2026
Health,Cork,39,yes,287,H1 2026
Health,Cork,14,no,293,H2 2025
Professional services,Limerick,40,no,100,H2 2025
Financial services,Limerick,-3,no,353,H1 2026
Public sector,Kildare,60,yes,146,H1 2026
Health,Louth,29,no,92,H2 2025
Tourism and hospitality,Louth,36,yes,171,H2 2025
Professional services,Louth,10,no,238,H1 2026
Health,Mayo,34,no,262,H2 2025
Financial services,Cork,24,no,313,H1 2026
Professional services,Louth,46,no,-29,H2 2025
Professional services,Cork,11,yes,452,H2 2025
Public sector,Louth,38,no,-6,H2 2025
Professional services,Kildare,31,yes,186,H2 2025
Retail and ecommerce,Meath,43,no,75,H1 2026
Tourism and hospitality,Galway,9,yes,208,H1 2026
Professional services,Limerick,34,yes,201,H2 2025
Health,Kildare,23,yes,263,H1 2026
Financial services,Cork,48,yes,99,H2 2025
Property,Limerick,4,no,361,H2 2025
Health,Kildare,33,yes,146,H1 2026
Professional services,Limerick,30,no,61,H1 2026
Financial services,Cork,61,yes,215,H1 2026
Tourism and hospitality,Kildare,8,no,153,H2 2025
Financial services,Kildare,46,yes,283,H2 2025
Professional services,Kildare,27,no,328,H2 2025
Financial services,Meath,55,no,124,H2 2025
Retail and ecommerce,Meath,10,no,433,H2 2025
Property,Galway,49,yes,25,H1 2026
Retail and ecommerce,Galway,28,no,31,H1 2026
Public sector,Limerick,56,yes,63,H1 2026
Professional services,Kildare,22,yes,226,H1 2026
Tourism and hospitality,Kildare,35,yes,143,H2 2025
Tourism and hospitality,Meath,7,no,183,H1 2026
Public sector,Louth,45,yes,92,H2 2025
Tourism and hospitality,Cork,10,yes,407,H2 2025
Health,Louth,36,yes,125,H2 2025
Retail and ecommerce,Louth,43,yes,217,H1 2026
Health,Louth,40,yes,168,H2 2025
Professional services,Limerick,17,no,245,H1 2026
Financial services,Louth,53,no,273,H2 2025
Professional services,Mayo,17,yes,205,H1 2026
